2025/12/04-08:51:57 INFO  [main] com.jsh.erp.ErpApplication - Starting ErpApplication on DESIGN02 with PID 26928 (started by industrial designer in C:\Users\industrial designer\IdeaProjects\jshERP_ba)
2025/12/04-08:51:57 DEBUG [main] com.jsh.erp.ErpApplication - Running with Spring Boot v2.0.0.RELEASE, Spring v5.0.4.RELEASE
2025/12/04-08:51:57 INFO  [main] com.jsh.erp.ErpApplication - No active profile set, falling back to default profiles: default
2025/12/04-08:52:04 INFO  [main] com.jsh.erp.ErpApplication - Started ErpApplication in 8.147 seconds (JVM running for 9.14)
2025/12/04-08:56:53 DEBUG [http-nio-9999-exec-1] com.jsh.erp.datasource.mappers.PlatformConfigMapper.selectByExample - ==>  Preparing: SELECT id, platform_key, platform_key_info, platform_value FROM jsh_platform_config WHERE (platform_key = ?) 
2025/12/04-08:56:53 DEBUG [http-nio-9999-exec-1] com.jsh.erp.datasource.mappers.PlatformConfigMapper.selectByExample - ==> Parameters: platform_name(String)
2025/12/04-08:56:54 DEBUG [http-nio-9999-exec-1] com.jsh.erp.datasource.mappers.PlatformConfigMapper.selectByExample - <==      Total: 1
2025/12/04-08:56:54 DEBUG [http-nio-9999-exec-2] com.jsh.erp.datasource.mappers.PlatformConfigMapper.selectByExample - ==>  Preparing: SELECT id, platform_key, platform_key_info, platform_value FROM jsh_platform_config WHERE (platform_key = ?) 
2025/12/04-08:56:54 DEBUG [http-nio-9999-exec-2] com.jsh.erp.datasource.mappers.PlatformConfigMapper.selectByExample - ==> Parameters: platform_url(String)
2025/12/04-08:56:55 DEBUG [http-nio-9999-exec-2] com.jsh.erp.datasource.mappers.PlatformConfigMapper.selectByExample - <==      Total: 1
2025/12/04-08:56:55 DEBUG [http-nio-9999-exec-3] com.jsh.erp.datasource.mappers.UserBusinessMapperEx.getBasicDataByKeyIdAndType - ==>  Preparing: select * from jsh_user_business where key_id=? and type=? and ifnull(delete_flag,'0') !='1' 
2025/12/04-08:56:55 DEBUG [http-nio-9999-exec-3] com.jsh.erp.datasource.mappers.UserBusinessMapperEx.getBasicDataByKeyIdAndType - ==> Parameters: 63(String), UserRole(String)
2025/12/04-08:56:56 DEBUG [http-nio-9999-exec-3] com.jsh.erp.datasource.mappers.UserBusinessMapperEx.getBasicDataByKeyIdAndType - <==      Total: 1
2025/12/04-08:56:56 DEBUG [http-nio-9999-exec-3] com.jsh.erp.datasource.mappers.UserBusinessMapperEx.getBasicDataByKeyIdAndType - ==>  Preparing: select * from jsh_user_business where key_id=? and type=? and ifnull(delete_flag,'0') !='1' 
2025/12/04-08:56:56 DEBUG [http-nio-9999-exec-3] com.jsh.erp.datasource.mappers.UserBusinessMapperEx.getBasicDataByKeyIdAndType - ==> Parameters: 10(String), RoleFunctions(String)
2025/12/04-08:56:57 DEBUG [http-nio-9999-exec-3] com.jsh.erp.datasource.mappers.UserBusinessMapperEx.getBasicDataByKeyIdAndType - <==      Total: 1
2025/12/04-08:56:57 DEBUG [http-nio-9999-exec-3] com.jsh.erp.datasource.mappers.SystemConfigMapper.selectByExample - ==>  Preparing: SELECT id, company_name, company_contacts, company_address, company_tel, company_fax, company_post_code, sale_agreement, depot_flag, customer_flag, minus_stock_flag, purchase_by_sale_flag, multi_level_approval_flag, multi_bill_type, force_approval_flag, update_unit_price_flag, over_link_bill_flag, in_out_manage_flag, multi_account_flag, move_avg_price_flag, audit_print_flag, zero_change_amount_flag, customer_static_price_flag, tenant_id, delete_flag FROM jsh_system_config WHERE jsh_system_config.tenant_id = 63 AND (delete_flag <> ?) 
2025/12/04-08:56:57 DEBUG [http-nio-9999-exec-3] com.jsh.erp.datasource.mappers.SystemConfigMapper.selectByExample - ==> Parameters: 1(String)
2025/12/04-08:56:58 DEBUG [http-nio-9999-exec-3] com.jsh.erp.datasource.mappers.SystemConfigMapper.selectByExample - <==      Total: 1
2025/12/04-08:56:58 DEBUG [http-nio-9999-exec-3] com.jsh.erp.datasource.mappers.FunctionMapper.selectByExample - ==>  Preparing: SELECT id, number, name, parent_number, url, component, state, sort, enabled, type, push_btn, icon, delete_flag FROM jsh_function WHERE (enabled = ? AND parent_number = ? AND delete_flag <> ?) ORDER BY Sort 
2025/12/04-08:56:58 DEBUG [http-nio-9999-exec-3] com.jsh.erp.datasource.mappers.FunctionMapper.selectByExample - ==> Parameters: true(Boolean), 0(String), 1(String)
2025/12/04-08:56:58 DEBUG [http-nio-9999-exec-3] com.jsh.erp.datasource.mappers.FunctionMapper.selectByExample - <==      Total: 9
2025/12/04-08:56:58 DEBUG [http-nio-9999-exec-3] com.jsh.erp.datasource.mappers.UserMapper.selectByPrimaryKey - ==>  Preparing: SELECT id, username, login_name, password, leader_flag, position, department, email, phonenum, ismanager, isystem, status, description, remark, weixin_open_id, tenant_id, delete_flag FROM jsh_user WHERE jsh_user.tenant_id = 63 AND id = ? 
2025/12/04-08:56:59 DEBUG [http-nio-9999-exec-3] com.jsh.erp.datasource.mappers.UserMapper.selectByPrimaryKey - ==> Parameters: 63(Long)
2025/12/04-08:56:59 DEBUG [http-nio-9999-exec-3] com.jsh.erp.datasource.mappers.UserMapper.selectByPrimaryKey - <==      Total: 1
2025/12/04-08:56:59 DEBUG [http-nio-9999-exec-3] com.jsh.erp.datasource.mappers.UserMapper.selectByPrimaryKey - ==>  Preparing: SELECT id, username, login_name, password, leader_flag, position, department, email, phonenum, ismanager, isystem, status, description, remark, weixin_open_id, tenant_id, delete_flag FROM jsh_user WHERE jsh_user.tenant_id = 63 AND id = ? 
2025/12/04-08:57:00 DEBUG [http-nio-9999-exec-3] com.jsh.erp.datasource.mappers.UserMapper.selectByPrimaryKey - ==> Parameters: 63(Long)
2025/12/04-08:57:00 DEBUG [http-nio-9999-exec-3] com.jsh.erp.datasource.mappers.UserMapper.selectByPrimaryKey - <==      Total: 1
2025/12/04-08:57:00 DEBUG [http-nio-9999-exec-3] com.jsh.erp.datasource.mappers.UserBusinessMapperEx.getBasicDataByKeyIdAndType - ==>  Preparing: select * from jsh_user_business where key_id=? and type=? and ifnull(delete_flag,'0') !='1' 
2025/12/04-08:57:00 DEBUG [http-nio-9999-exec-3] com.jsh.erp.datasource.mappers.UserBusinessMapperEx.getBasicDataByKeyIdAndType - ==> Parameters: 63(String), UserRole(String)
2025/12/04-08:57:01 DEBUG [http-nio-9999-exec-3] com.jsh.erp.datasource.mappers.UserBusinessMapperEx.getBasicDataByKeyIdAndType - <==      Total: 1
2025/12/04-08:57:01 DEBUG [http-nio-9999-exec-3] com.jsh.erp.datasource.mappers.UserBusinessMapperEx.getBasicDataByKeyIdAndType - ==>  Preparing: select * from jsh_user_business where key_id=? and type=? and ifnull(delete_flag,'0') !='1' 
2025/12/04-08:57:01 DEBUG [http-nio-9999-exec-3] com.jsh.erp.datasource.mappers.UserBusinessMapperEx.getBasicDataByKeyIdAndType - ==> Parameters: 10(String), RoleFunctions(String)
2025/12/04-08:57:02 DEBUG [http-nio-9999-exec-3] com.jsh.erp.datasource.mappers.UserBusinessMapperEx.getBasicDataByKeyIdAndType - <==      Total: 1
2025/12/04-08:57:02 DEBUG [http-nio-9999-exec-3] com.jsh.erp.datasource.mappers.FunctionMapper.selectByExample - ==>  Preparing: SELECT id, number, name, parent_number, url, component, state, sort, enabled, type, push_btn, icon, delete_flag FROM jsh_function WHERE (enabled = ? AND parent_number = ? AND delete_flag <> ?) ORDER BY Sort 
2025/12/04-08:57:02 DEBUG [http-nio-9999-exec-3] com.jsh.erp.datasource.mappers.FunctionMapper.selectByExample - ==> Parameters: true(Boolean), 0401(String), 1(String)
2025/12/04-08:57:02 DEBUG [http-nio-9999-exec-3] com.jsh.erp.datasource.mappers.FunctionMapper.selectByExample - <==      Total: 2
2025/12/04-08:57:02 DEBUG [http-nio-9999-exec-3] com.jsh.erp.datasource.mappers.FunctionMapper.selectByExample - ==>  Preparing: SELECT id, number, name, parent_number, url, component, state, sort, enabled, type, push_btn, icon, delete_flag FROM jsh_function WHERE (enabled = ? AND parent_number = ? AND delete_flag <> ?) ORDER BY Sort 
2025/12/04-08:57:03 DEBUG [http-nio-9999-exec-3] com.jsh.erp.datasource.mappers.FunctionMapper.selectByExample - ==> Parameters: true(Boolean), 040102(String), 1(String)
2025/12/04-08:57:03 DEBUG [http-nio-9999-exec-3] com.jsh.erp.datasource.mappers.FunctionMapper.selectByExample - <==      Total: 0
2025/12/04-08:57:03 DEBUG [http-nio-9999-exec-3] com.jsh.erp.datasource.mappers.FunctionMapper.selectByExample - ==>  Preparing: SELECT id, number, name, parent_number, url, component, state, sort, enabled, type, push_btn, icon, delete_flag FROM jsh_function WHERE (enabled = ? AND parent_number = ? AND delete_flag <> ?) ORDER BY Sort 
2025/12/04-08:57:04 DEBUG [http-nio-9999-exec-3] com.jsh.erp.datasource.mappers.FunctionMapper.selectByExample - ==> Parameters: true(Boolean), 040104(String), 1(String)
2025/12/04-08:57:04 DEBUG [http-nio-9999-exec-3] com.jsh.erp.datasource.mappers.FunctionMapper.selectByExample - <==      Total: 0
2025/12/04-08:57:04 DEBUG [http-nio-9999-exec-3] com.jsh.erp.datasource.mappers.FunctionMapper.selectByExample - ==>  Preparing: SELECT id, number, name, parent_number, url, component, state, sort, enabled, type, push_btn, icon, delete_flag FROM jsh_function WHERE (enabled = ? AND parent_number = ? AND delete_flag <> ?) ORDER BY Sort 
2025/12/04-08:57:04 DEBUG [http-nio-9999-exec-3] com.jsh.erp.datasource.mappers.FunctionMapper.selectByExample - ==> Parameters: true(Boolean), 0502(String), 1(String)
2025/12/04-08:57:05 DEBUG [http-nio-9999-exec-3] com.jsh.erp.datasource.mappers.FunctionMapper.selectByExample - <==      Total: 4
2025/12/04-08:57:05 DEBUG [http-nio-9999-exec-3] com.jsh.erp.datasource.mappers.FunctionMapper.selectByExample - ==>  Preparing: SELECT id, number, name, parent_number, url, component, state, sort, enabled, type, push_btn, icon, delete_flag FROM jsh_function WHERE (enabled = ? AND parent_number = ? AND delete_flag <> ?) ORDER BY Sort 
2025/12/04-08:57:05 DEBUG [http-nio-9999-exec-3] com.jsh.erp.datasource.mappers.FunctionMapper.selectByExample - ==> Parameters: true(Boolean), 050203(String), 1(String)
2025/12/04-08:57:06 DEBUG [http-nio-9999-exec-3] com.jsh.erp.datasource.mappers.FunctionMapper.selectByExample - <==      Total: 0
2025/12/04-08:57:06 DEBUG [http-nio-9999-exec-3] com.jsh.erp.datasource.mappers.FunctionMapper.selectByExample - ==>  Preparing: SELECT id, number, name, parent_number, url, component, state, sort, enabled, type, push_btn, icon, delete_flag FROM jsh_function WHERE (enabled = ? AND parent_number = ? AND delete_flag <> ?) ORDER BY Sort 
2025/12/04-08:57:06 DEBUG [http-nio-9999-exec-3] com.jsh.erp.datasource.mappers.FunctionMapper.selectByExample - ==> Parameters: true(Boolean), 050202(String), 1(String)
2025/12/04-08:57:06 DEBUG [http-nio-9999-exec-3] com.jsh.erp.datasource.mappers.FunctionMapper.selectByExample - <==      Total: 0
2025/12/04-08:57:06 DEBUG [http-nio-9999-exec-3] com.jsh.erp.datasource.mappers.FunctionMapper.selectByExample - ==>  Preparing: SELECT id, number, name, parent_number, url, component, state, sort, enabled, type, push_btn, icon, delete_flag FROM jsh_function WHERE (enabled = ? AND parent_number = ? AND delete_flag <> ?) ORDER BY Sort 
2025/12/04-08:57:07 DEBUG [http-nio-9999-exec-3] com.jsh.erp.datasource.mappers.FunctionMapper.selectByExample - ==> Parameters: true(Boolean), 050201(String), 1(String)
2025/12/04-08:57:07 DEBUG [http-nio-9999-exec-3] com.jsh.erp.datasource.mappers.FunctionMapper.selectByExample - <==      Total: 0
2025/12/04-08:57:07 DEBUG [http-nio-9999-exec-3] com.jsh.erp.datasource.mappers.FunctionMapper.selectByExample - ==>  Preparing: SELECT id, number, name, parent_number, url, component, state, sort, enabled, type, push_btn, icon, delete_flag FROM jsh_function WHERE (enabled = ? AND parent_number = ? AND delete_flag <> ?) ORDER BY Sort 
2025/12/04-08:57:07 DEBUG [http-nio-9999-exec-3] com.jsh.erp.datasource.mappers.FunctionMapper.selectByExample - ==> Parameters: true(Boolean), 050204(String), 1(String)
2025/12/04-08:57:08 DEBUG [http-nio-9999-exec-3] com.jsh.erp.datasource.mappers.FunctionMapper.selectByExample - <==      Total: 0
2025/12/04-08:57:08 DEBUG [http-nio-9999-exec-3] com.jsh.erp.datasource.mappers.FunctionMapper.selectByExample - ==>  Preparing: SELECT id, number, name, parent_number, url, component, state, sort, enabled, type, push_btn, icon, delete_flag FROM jsh_function WHERE (enabled = ? AND parent_number = ? AND delete_flag <> ?) ORDER BY Sort 
2025/12/04-08:57:08 DEBUG [http-nio-9999-exec-3] com.jsh.erp.datasource.mappers.FunctionMapper.selectByExample - ==> Parameters: true(Boolean), 0603(String), 1(String)
2025/12/04-08:57:09 DEBUG [http-nio-9999-exec-3] com.jsh.erp.datasource.mappers.FunctionMapper.selectByExample - <==      Total: 3
2025/12/04-08:57:09 DEBUG [http-nio-9999-exec-3] com.jsh.erp.datasource.mappers.FunctionMapper.selectByExample - ==>  Preparing: SELECT id, number, name, parent_number, url, component, state, sort, enabled, type, push_btn, icon, delete_flag FROM jsh_function WHERE (enabled = ? AND parent_number = ? AND delete_flag <> ?) ORDER BY Sort 
2025/12/04-08:57:09 DEBUG [http-nio-9999-exec-3] com.jsh.erp.datasource.mappers.FunctionMapper.selectByExample - ==> Parameters: true(Boolean), 060301(String), 1(String)
2025/12/04-08:57:10 DEBUG [http-nio-9999-exec-3] com.jsh.erp.datasource.mappers.FunctionMapper.selectByExample - <==      Total: 0
2025/12/04-08:57:10 DEBUG [http-nio-9999-exec-3] com.jsh.erp.datasource.mappers.FunctionMapper.selectByExample - ==>  Preparing: SELECT id, number, name, parent_number, url, component, state, sort, enabled, type, push_btn, icon, delete_flag FROM jsh_function WHERE (enabled = ? AND parent_number = ? AND delete_flag <> ?) ORDER BY Sort 
2025/12/04-08:57:10 DEBUG [http-nio-9999-exec-3] com.jsh.erp.datasource.mappers.FunctionMapper.selectByExample - ==> Parameters: true(Boolean), 060303(String), 1(String)
2025/12/04-08:57:10 DEBUG [http-nio-9999-exec-3] com.jsh.erp.datasource.mappers.FunctionMapper.selectByExample - <==      Total: 0
2025/12/04-08:57:10 DEBUG [http-nio-9999-exec-3] com.jsh.erp.datasource.mappers.FunctionMapper.selectByExample - ==>  Preparing: SELECT id, number, name, parent_number, url, component, state, sort, enabled, type, push_btn, icon, delete_flag FROM jsh_function WHERE (enabled = ? AND parent_number = ? AND delete_flag <> ?) ORDER BY Sort 
2025/12/04-08:57:11 DEBUG [http-nio-9999-exec-3] com.jsh.erp.datasource.mappers.FunctionMapper.selectByExample - ==> Parameters: true(Boolean), 060305(String), 1(String)
2025/12/04-08:57:11 DEBUG [http-nio-9999-exec-3] com.jsh.erp.datasource.mappers.FunctionMapper.selectByExample - <==      Total: 0
2025/12/04-08:57:11 DEBUG [http-nio-9999-exec-3] com.jsh.erp.datasource.mappers.FunctionMapper.selectByExample - ==>  Preparing: SELECT id, number, name, parent_number, url, component, state, sort, enabled, type, push_btn, icon, delete_flag FROM jsh_function WHERE (enabled = ? AND parent_number = ? AND delete_flag <> ?) ORDER BY Sort 
2025/12/04-08:57:11 DEBUG [http-nio-9999-exec-3] com.jsh.erp.datasource.mappers.FunctionMapper.selectByExample - ==> Parameters: true(Boolean), 0801(String), 1(String)
2025/12/04-08:57:12 DEBUG [http-nio-9999-exec-3] com.jsh.erp.datasource.mappers.FunctionMapper.selectByExample - <==      Total: 5
2025/12/04-08:57:12 DEBUG [http-nio-9999-exec-3] com.jsh.erp.datasource.mappers.FunctionMapper.selectByExample - ==>  Preparing: SELECT id, number, name, parent_number, url, component, state, sort, enabled, type, push_btn, icon, delete_flag FROM jsh_function WHERE (enabled = ? AND parent_number = ? AND delete_flag <> ?) ORDER BY Sort 
2025/12/04-08:57:12 DEBUG [http-nio-9999-exec-3] com.jsh.erp.datasource.mappers.FunctionMapper.selectByExample - ==> Parameters: true(Boolean), 080103(String), 1(String)
2025/12/04-08:57:13 DEBUG [http-nio-9999-exec-3] com.jsh.erp.datasource.mappers.FunctionMapper.selectByExample - <==      Total: 0
2025/12/04-08:57:13 DEBUG [http-nio-9999-exec-3] com.jsh.erp.datasource.mappers.FunctionMapper.selectByExample - ==>  Preparing: SELECT id, number, name, parent_number, url, component, state, sort, enabled, type, push_btn, icon, delete_flag FROM jsh_function WHERE (enabled = ? AND parent_number = ? AND delete_flag <> ?) ORDER BY Sort 
2025/12/04-08:57:13 DEBUG [http-nio-9999-exec-3] com.jsh.erp.datasource.mappers.FunctionMapper.selectByExample - ==> Parameters: true(Boolean), 080105(String), 1(String)
2025/12/04-08:57:13 DEBUG [http-nio-9999-exec-3] com.jsh.erp.datasource.mappers.FunctionMapper.selectByExample - <==      Total: 0
2025/12/04-08:57:13 DEBUG [http-nio-9999-exec-3] com.jsh.erp.datasource.mappers.FunctionMapper.selectByExample - ==>  Preparing: SELECT id, number, name, parent_number, url, component, state, sort, enabled, type, push_btn, icon, delete_flag FROM jsh_function WHERE (enabled = ? AND parent_number = ? AND delete_flag <> ?) ORDER BY Sort 
2025/12/04-08:57:14 DEBUG [http-nio-9999-exec-3] com.jsh.erp.datasource.mappers.FunctionMapper.selectByExample - ==> Parameters: true(Boolean), 080107(String), 1(String)
2025/12/04-08:57:14 DEBUG [http-nio-9999-exec-3] com.jsh.erp.datasource.mappers.FunctionMapper.selectByExample - <==      Total: 0
2025/12/04-08:57:14 DEBUG [http-nio-9999-exec-3] com.jsh.erp.datasource.mappers.FunctionMapper.selectByExample - ==>  Preparing: SELECT id, number, name, parent_number, url, component, state, sort, enabled, type, push_btn, icon, delete_flag FROM jsh_function WHERE (enabled = ? AND parent_number = ? AND delete_flag <> ?) ORDER BY Sort 
2025/12/04-08:57:15 DEBUG [http-nio-9999-exec-3] com.jsh.erp.datasource.mappers.FunctionMapper.selectByExample - ==> Parameters: true(Boolean), 080109(String), 1(String)
2025/12/04-08:57:15 DEBUG [http-nio-9999-exec-3] com.jsh.erp.datasource.mappers.FunctionMapper.selectByExample - <==      Total: 0
2025/12/04-08:57:15 DEBUG [http-nio-9999-exec-3] com.jsh.erp.datasource.mappers.FunctionMapper.selectByExample - ==>  Preparing: SELECT id, number, name, parent_number, url, component, state, sort, enabled, type, push_btn, icon, delete_flag FROM jsh_function WHERE (enabled = ? AND parent_number = ? AND delete_flag <> ?) ORDER BY Sort 
2025/12/04-08:57:15 DEBUG [http-nio-9999-exec-3] com.jsh.erp.datasource.mappers.FunctionMapper.selectByExample - ==> Parameters: true(Boolean), 080111(String), 1(String)
2025/12/04-08:57:16 DEBUG [http-nio-9999-exec-3] com.jsh.erp.datasource.mappers.FunctionMapper.selectByExample - <==      Total: 0
2025/12/04-08:57:16 DEBUG [http-nio-9999-exec-3] com.jsh.erp.datasource.mappers.FunctionMapper.selectByExample - ==>  Preparing: SELECT id, number, name, parent_number, url, component, state, sort, enabled, type, push_btn, icon, delete_flag FROM jsh_function WHERE (enabled = ? AND parent_number = ? AND delete_flag <> ?) ORDER BY Sort 
2025/12/04-08:57:16 DEBUG [http-nio-9999-exec-3] com.jsh.erp.datasource.mappers.FunctionMapper.selectByExample - ==> Parameters: true(Boolean), 0704(String), 1(String)
2025/12/04-08:57:17 DEBUG [http-nio-9999-exec-3] com.jsh.erp.datasource.mappers.FunctionMapper.selectByExample - <==      Total: 6
2025/12/04-08:57:17 DEBUG [http-nio-9999-exec-3] com.jsh.erp.datasource.mappers.FunctionMapper.selectByExample - ==>  Preparing: SELECT id, number, name, parent_number, url, component, state, sort, enabled, type, push_btn, icon, delete_flag FROM jsh_function WHERE (enabled = ? AND parent_number = ? AND delete_flag <> ?) ORDER BY Sort 
2025/12/04-08:57:17 DEBUG [http-nio-9999-exec-3] com.jsh.erp.datasource.mappers.FunctionMapper.selectByExample - ==> Parameters: true(Boolean), 070402(String), 1(String)
2025/12/04-08:57:17 DEBUG [http-nio-9999-exec-3] com.jsh.erp.datasource.mappers.FunctionMapper.selectByExample - <==      Total: 0
2025/12/04-08:57:17 DEBUG [http-nio-9999-exec-3] com.jsh.erp.datasource.mappers.FunctionMapper.selectByExample - ==>  Preparing: SELECT id, number, name, parent_number, url, component, state, sort, enabled, type, push_btn, icon, delete_flag FROM jsh_function WHERE (enabled = ? AND parent_number = ? AND delete_flag <> ?) ORDER BY Sort 
2025/12/04-08:57:18 DEBUG [http-nio-9999-exec-3] com.jsh.erp.datasource.mappers.FunctionMapper.selectByExample - ==> Parameters: true(Boolean), 070403(String), 1(String)
2025/12/04-08:57:18 DEBUG [http-nio-9999-exec-3] com.jsh.erp.datasource.mappers.FunctionMapper.selectByExample - <==      Total: 0
2025/12/04-08:57:18 DEBUG [http-nio-9999-exec-3] com.jsh.erp.datasource.mappers.FunctionMapper.selectByExample - ==>  Preparing: SELECT id, number, name, parent_number, url, component, state, sort, enabled, type, push_btn, icon, delete_flag FROM jsh_function WHERE (enabled = ? AND parent_number = ? AND delete_flag <> ?) ORDER BY Sort 
2025/12/04-08:57:18 DEBUG [http-nio-9999-exec-3] com.jsh.erp.datasource.mappers.FunctionMapper.selectByExample - ==> Parameters: true(Boolean), 070404(String), 1(String)
2025/12/04-08:57:19 DEBUG [http-nio-9999-exec-3] com.jsh.erp.datasource.mappers.FunctionMapper.selectByExample - <==      Total: 0
2025/12/04-08:57:19 DEBUG [http-nio-9999-exec-3] com.jsh.erp.datasource.mappers.FunctionMapper.selectByExample - ==>  Preparing: SELECT id, number, name, parent_number, url, component, state, sort, enabled, type, push_btn, icon, delete_flag FROM jsh_function WHERE (enabled = ? AND parent_number = ? AND delete_flag <> ?) ORDER BY Sort 
2025/12/04-08:57:19 DEBUG [http-nio-9999-exec-3] com.jsh.erp.datasource.mappers.FunctionMapper.selectByExample - ==> Parameters: true(Boolean), 070405(String), 1(String)
2025/12/04-08:57:20 DEBUG [http-nio-9999-exec-3] com.jsh.erp.datasource.mappers.FunctionMapper.selectByExample - <==      Total: 0
2025/12/04-08:57:20 DEBUG [http-nio-9999-exec-3] com.jsh.erp.datasource.mappers.FunctionMapper.selectByExample - ==>  Preparing: SELECT id, number, name, parent_number, url, component, state, sort, enabled, type, push_btn, icon, delete_flag FROM jsh_function WHERE (enabled = ? AND parent_number = ? AND delete_flag <> ?) ORDER BY Sort 
2025/12/04-08:57:20 DEBUG [http-nio-9999-exec-3] com.jsh.erp.datasource.mappers.FunctionMapper.selectByExample - ==> Parameters: true(Boolean), 070406(String), 1(String)
2025/12/04-08:57:21 DEBUG [http-nio-9999-exec-3] com.jsh.erp.datasource.mappers.FunctionMapper.selectByExample - <==      Total: 0
2025/12/04-08:57:21 DEBUG [http-nio-9999-exec-3] com.jsh.erp.datasource.mappers.FunctionMapper.selectByExample - ==>  Preparing: SELECT id, number, name, parent_number, url, component, state, sort, enabled, type, push_btn, icon, delete_flag FROM jsh_function WHERE (enabled = ? AND parent_number = ? AND delete_flag <> ?) ORDER BY Sort 
2025/12/04-08:57:21 DEBUG [http-nio-9999-exec-3] com.jsh.erp.datasource.mappers.FunctionMapper.selectByExample - ==> Parameters: true(Boolean), 070407(String), 1(String)
2025/12/04-08:57:21 DEBUG [http-nio-9999-exec-3] com.jsh.erp.datasource.mappers.FunctionMapper.selectByExample - <==      Total: 0
2025/12/04-08:57:21 DEBUG [http-nio-9999-exec-3] com.jsh.erp.datasource.mappers.FunctionMapper.selectByExample - ==>  Preparing: SELECT id, number, name, parent_number, url, component, state, sort, enabled, type, push_btn, icon, delete_flag FROM jsh_function WHERE (enabled = ? AND parent_number = ? AND delete_flag <> ?) ORDER BY Sort 
2025/12/04-08:57:22 DEBUG [http-nio-9999-exec-3] com.jsh.erp.datasource.mappers.FunctionMapper.selectByExample - ==> Parameters: true(Boolean), 0301(String), 1(String)
2025/12/04-08:57:22 DEBUG [http-nio-9999-exec-3] com.jsh.erp.datasource.mappers.FunctionMapper.selectByExample - <==      Total: 14
2025/12/04-08:57:22 DEBUG [http-nio-9999-exec-3] com.jsh.erp.datasource.mappers.FunctionMapper.selectByExample - ==>  Preparing: SELECT id, number, name, parent_number, url, component, state, sort, enabled, type, push_btn, icon, delete_flag FROM jsh_function WHERE (enabled = ? AND parent_number = ? AND delete_flag <> ?) ORDER BY Sort 
2025/12/04-08:57:22 DEBUG [http-nio-9999-exec-3] com.jsh.erp.datasource.mappers.FunctionMapper.selectByExample - ==> Parameters: true(Boolean), 030113(String), 1(String)
2025/12/04-08:57:23 DEBUG [http-nio-9999-exec-3] com.jsh.erp.datasource.mappers.FunctionMapper.selectByExample - <==      Total: 0
2025/12/04-08:57:23 DEBUG [http-nio-9999-exec-3] com.jsh.erp.datasource.mappers.FunctionMapper.selectByExample - ==>  Preparing: SELECT id, number, name, parent_number, url, component, state, sort, enabled, type, push_btn, icon, delete_flag FROM jsh_function WHERE (enabled = ? AND parent_number = ? AND delete_flag <> ?) ORDER BY Sort 
2025/12/04-08:57:23 DEBUG [http-nio-9999-exec-3] com.jsh.erp.datasource.mappers.FunctionMapper.selectByExample - ==> Parameters: true(Boolean), 030102(String), 1(String)
2025/12/04-08:57:23 DEBUG [http-nio-9999-exec-6] com.jsh.erp.datasource.mappers.PlatformConfigMapper.selectByExample - ==>  Preparing: SELECT id, platform_key, platform_key_info, platform_value FROM jsh_platform_config WHERE (platform_key = ?) 
2025/12/04-08:57:23 DEBUG [http-nio-9999-exec-6] com.jsh.erp.datasource.mappers.PlatformConfigMapper.selectByExample - ==> Parameters: platform_name(String)
2025/12/04-08:57:24 DEBUG [http-nio-9999-exec-3] com.jsh.erp.datasource.mappers.FunctionMapper.selectByExample - <==      Total: 0
2025/12/04-08:57:24 DEBUG [http-nio-9999-exec-3] com.jsh.erp.datasource.mappers.FunctionMapper.selectByExample - ==>  Preparing: SELECT id, number, name, parent_number, url, component, state, sort, enabled, type, push_btn, icon, delete_flag FROM jsh_function WHERE (enabled = ? AND parent_number = ? AND delete_flag <> ?) ORDER BY Sort 
2025/12/04-08:57:24 DEBUG [http-nio-9999-exec-3] com.jsh.erp.datasource.mappers.FunctionMapper.selectByExample - ==> Parameters: true(Boolean), 030105(String), 1(String)
2025/12/04-08:57:24 DEBUG [http-nio-9999-exec-6] com.jsh.erp.datasource.mappers.PlatformConfigMapper.selectByExample - <==      Total: 1
2025/12/04-08:57:24 DEBUG [http-nio-9999-exec-8] com.jsh.erp.datasource.mappers.PlatformConfigMapper.selectByExample - ==>  Preparing: SELECT id, platform_key, platform_key_info, platform_value FROM jsh_platform_config WHERE (platform_key = ?) 
2025/12/04-08:57:24 DEBUG [http-nio-9999-exec-8] com.jsh.erp.datasource.mappers.PlatformConfigMapper.selectByExample - ==> Parameters: platform_url(String)
2025/12/04-08:57:24 DEBUG [http-nio-9999-exec-3] com.jsh.erp.datasource.mappers.FunctionMapper.selectByExample - <==      Total: 0
2025/12/04-08:57:24 DEBUG [http-nio-9999-exec-3] com.jsh.erp.datasource.mappers.FunctionMapper.selectByExample - ==>  Preparing: SELECT id, number, name, parent_number, url, component, state, sort, enabled, type, push_btn, icon, delete_flag FROM jsh_function WHERE (enabled = ? AND parent_number = ? AND delete_flag <> ?) ORDER BY Sort 
2025/12/04-08:57:25 DEBUG [http-nio-9999-exec-3] com.jsh.erp.datasource.mappers.FunctionMapper.selectByExample - ==> Parameters: true(Boolean), 030103(String), 1(String)
2025/12/04-08:57:25 DEBUG [http-nio-9999-exec-8] com.jsh.erp.datasource.mappers.PlatformConfigMapper.selectByExample - <==      Total: 1
2025/12/04-08:57:25 DEBUG [http-nio-9999-exec-9] com.jsh.erp.datasource.mappers.UserBusinessMapperEx.getBasicDataByKeyIdAndType - ==>  Preparing: select * from jsh_user_business where key_id=? and type=? and ifnull(delete_flag,'0') !='1' 
2025/12/04-08:57:25 DEBUG [http-nio-9999-exec-3] com.jsh.erp.datasource.mappers.FunctionMapper.selectByExample - <==      Total: 0
2025/12/04-08:57:25 DEBUG [http-nio-9999-exec-3] com.jsh.erp.datasource.mappers.FunctionMapper.selectByExample - ==>  Preparing: SELECT id, number, name, parent_number, url, component, state, sort, enabled, type, push_btn, icon, delete_flag FROM jsh_function WHERE (enabled = ? AND parent_number = ? AND delete_flag <> ?) ORDER BY Sort 
2025/12/04-08:57:25 DEBUG [http-nio-9999-exec-9] com.jsh.erp.datasource.mappers.UserBusinessMapperEx.getBasicDataByKeyIdAndType - ==> Parameters: 63(String), UserRole(String)
2025/12/04-08:57:26 DEBUG [http-nio-9999-exec-3] com.jsh.erp.datasource.mappers.FunctionMapper.selectByExample - ==> Parameters: true(Boolean), 030104(String), 1(String)
2025/12/04-08:57:26 DEBUG [http-nio-9999-exec-9] com.jsh.erp.datasource.mappers.UserBusinessMapperEx.getBasicDataByKeyIdAndType - <==      Total: 1
2025/12/04-08:57:26 DEBUG [http-nio-9999-exec-9] com.jsh.erp.datasource.mappers.UserBusinessMapperEx.getBasicDataByKeyIdAndType - ==>  Preparing: select * from jsh_user_business where key_id=? and type=? and ifnull(delete_flag,'0') !='1' 
2025/12/04-08:57:26 DEBUG [http-nio-9999-exec-3] com.jsh.erp.datasource.mappers.FunctionMapper.selectByExample - <==      Total: 0
2025/12/04-08:57:26 DEBUG [http-nio-9999-exec-3] com.jsh.erp.datasource.mappers.FunctionMapper.selectByExample - ==>  Preparing: SELECT id, number, name, parent_number, url, component, state, sort, enabled, type, push_btn, icon, delete_flag FROM jsh_function WHERE (enabled = ? AND parent_number = ? AND delete_flag <> ?) ORDER BY Sort 
2025/12/04-08:57:26 DEBUG [http-nio-9999-exec-9] com.jsh.erp.datasource.mappers.UserBusinessMapperEx.getBasicDataByKeyIdAndType - ==> Parameters: 10(String), RoleFunctions(String)
2025/12/04-08:57:26 DEBUG [http-nio-9999-exec-3] com.jsh.erp.datasource.mappers.FunctionMapper.selectByExample - ==> Parameters: true(Boolean), 030106(String), 1(String)
2025/12/04-08:57:27 DEBUG [http-nio-9999-exec-9] com.jsh.erp.datasource.mappers.UserBusinessMapperEx.getBasicDataByKeyIdAndType - <==      Total: 1
2025/12/04-08:57:27 DEBUG [http-nio-9999-exec-9] com.jsh.erp.datasource.mappers.SystemConfigMapper.selectByExample - ==>  Preparing: SELECT id, company_name, company_contacts, company_address, company_tel, company_fax, company_post_code, sale_agreement, depot_flag, customer_flag, minus_stock_flag, purchase_by_sale_flag, multi_level_approval_flag, multi_bill_type, force_approval_flag, update_unit_price_flag, over_link_bill_flag, in_out_manage_flag, multi_account_flag, move_avg_price_flag, audit_print_flag, zero_change_amount_flag, customer_static_price_flag, tenant_id, delete_flag FROM jsh_system_config WHERE jsh_system_config.tenant_id = 63 AND (delete_flag <> ?) 
2025/12/04-08:57:27 DEBUG [http-nio-9999-exec-3] com.jsh.erp.datasource.mappers.FunctionMapper.selectByExample - <==      Total: 0
2025/12/04-08:57:27 DEBUG [http-nio-9999-exec-3] com.jsh.erp.datasource.mappers.FunctionMapper.selectByExample - ==>  Preparing: SELECT id, number, name, parent_number, url, component, state, sort, enabled, type, push_btn, icon, delete_flag FROM jsh_function WHERE (enabled = ? AND parent_number = ? AND delete_flag <> ?) ORDER BY Sort 
2025/12/04-08:57:27 DEBUG [http-nio-9999-exec-9] com.jsh.erp.datasource.mappers.SystemConfigMapper.selectByExample - ==> Parameters: 1(String)
2025/12/04-08:57:27 DEBUG [http-nio-9999-exec-3] com.jsh.erp.datasource.mappers.FunctionMapper.selectByExample - ==> Parameters: true(Boolean), 030107(String), 1(String)
2025/12/04-08:57:28 DEBUG [http-nio-9999-exec-9] com.jsh.erp.datasource.mappers.SystemConfigMapper.selectByExample - <==      Total: 1
2025/12/04-08:57:28 DEBUG [http-nio-9999-exec-9] com.jsh.erp.datasource.mappers.FunctionMapper.selectByExample - ==>  Preparing: SELECT id, number, name, parent_number, url, component, state, sort, enabled, type, push_btn, icon, delete_flag FROM jsh_function WHERE (enabled = ? AND parent_number = ? AND delete_flag <> ?) ORDER BY Sort 
2025/12/04-08:57:28 DEBUG [http-nio-9999-exec-3] com.jsh.erp.datasource.mappers.FunctionMapper.selectByExample - <==      Total: 0
2025/12/04-08:57:28 DEBUG [http-nio-9999-exec-3] com.jsh.erp.datasource.mappers.FunctionMapper.selectByExample - ==>  Preparing: SELECT id, number, name, parent_number, url, component, state, sort, enabled, type, push_btn, icon, delete_flag FROM jsh_function WHERE (enabled = ? AND parent_number = ? AND delete_flag <> ?) ORDER BY Sort 
2025/12/04-08:57:28 DEBUG [http-nio-9999-exec-9] com.jsh.erp.datasource.mappers.FunctionMapper.selectByExample - ==> Parameters: true(Boolean), 0(String), 1(String)
2025/12/04-08:57:28 DEBUG [http-nio-9999-exec-3] com.jsh.erp.datasource.mappers.FunctionMapper.selectByExample - ==> Parameters: true(Boolean), 030150(String), 1(String)
2025/12/04-08:57:28 DEBUG [http-nio-9999-exec-9] com.jsh.erp.datasource.mappers.FunctionMapper.selectByExample - <==      Total: 9
2025/12/04-08:57:28 DEBUG [http-nio-9999-exec-3] com.jsh.erp.datasource.mappers.FunctionMapper.selectByExample - <==      Total: 0
2025/12/04-08:57:28 DEBUG [http-nio-9999-exec-3] com.jsh.erp.datasource.mappers.FunctionMapper.selectByExample - ==>  Preparing: SELECT id, number, name, parent_number, url, component, state, sort, enabled, type, push_btn, icon, delete_flag FROM jsh_function WHERE (enabled = ? AND parent_number = ? AND delete_flag <> ?) ORDER BY Sort 
2025/12/04-08:57:28 DEBUG [http-nio-9999-exec-9] com.jsh.erp.datasource.mappers.UserMapper.selectByPrimaryKey - ==>  Preparing: SELECT id, username, login_name, password, leader_flag, position, department, email, phonenum, ismanager, isystem, status, description, remark, weixin_open_id, tenant_id, delete_flag FROM jsh_user WHERE jsh_user.tenant_id = 63 AND id = ? 
2025/12/04-08:57:29 DEBUG [http-nio-9999-exec-3] com.jsh.erp.datasource.mappers.FunctionMapper.selectByExample - ==> Parameters: true(Boolean), 030108(String), 1(String)
2025/12/04-08:57:29 DEBUG [http-nio-9999-exec-9] com.jsh.erp.datasource.mappers.UserMapper.selectByPrimaryKey - ==> Parameters: 63(Long)
2025/12/04-08:57:29 DEBUG [http-nio-9999-exec-3] com.jsh.erp.datasource.mappers.FunctionMapper.selectByExample - <==      Total: 0
2025/12/04-08:57:29 DEBUG [http-nio-9999-exec-3] com.jsh.erp.datasource.mappers.FunctionMapper.selectByExample - ==>  Preparing: SELECT id, number, name, parent_number, url, component, state, sort, enabled, type, push_btn, icon, delete_flag FROM jsh_function WHERE (enabled = ? AND parent_number = ? AND delete_flag <> ?) ORDER BY Sort 
2025/12/04-08:57:29 DEBUG [http-nio-9999-exec-9] com.jsh.erp.datasource.mappers.UserMapper.selectByPrimaryKey - <==      Total: 1
2025/12/04-08:57:29 DEBUG [http-nio-9999-exec-9] com.jsh.erp.datasource.mappers.UserMapper.selectByPrimaryKey - ==>  Preparing: SELECT id, username, login_name, password, leader_flag, position, department, email, phonenum, ismanager, isystem, status, description, remark, weixin_open_id, tenant_id, delete_flag FROM jsh_user WHERE jsh_user.tenant_id = 63 AND id = ? 
2025/12/04-08:57:29 DEBUG [http-nio-9999-exec-3] com.jsh.erp.datasource.mappers.FunctionMapper.selectByExample - ==> Parameters: true(Boolean), 030109(String), 1(String)
2025/12/04-08:57:30 DEBUG [http-nio-9999-exec-9] com.jsh.erp.datasource.mappers.UserMapper.selectByPrimaryKey - ==> Parameters: 63(Long)
2025/12/04-08:57:30 DEBUG [http-nio-9999-exec-3] com.jsh.erp.datasource.mappers.FunctionMapper.selectByExample - <==      Total: 0
2025/12/04-08:57:30 DEBUG [http-nio-9999-exec-3] com.jsh.erp.datasource.mappers.FunctionMapper.selectByExample - ==>  Preparing: SELECT id, number, name, parent_number, url, component, state, sort, enabled, type, push_btn, icon, delete_flag FROM jsh_function WHERE (enabled = ? AND parent_number = ? AND delete_flag <> ?) ORDER BY Sort 
2025/12/04-08:57:30 DEBUG [http-nio-9999-exec-9] com.jsh.erp.datasource.mappers.UserMapper.selectByPrimaryKey - <==      Total: 1
2025/12/04-08:57:30 DEBUG [http-nio-9999-exec-9] com.jsh.erp.datasource.mappers.UserBusinessMapperEx.getBasicDataByKeyIdAndType - ==>  Preparing: select * from jsh_user_business where key_id=? and type=? and ifnull(delete_flag,'0') !='1' 
2025/12/04-08:57:30 DEBUG [http-nio-9999-exec-3] com.jsh.erp.datasource.mappers.FunctionMapper.selectByExample - ==> Parameters: true(Boolean), 030101(String), 1(String)
2025/12/04-08:57:30 DEBUG [http-nio-9999-exec-9] com.jsh.erp.datasource.mappers.UserBusinessMapperEx.getBasicDataByKeyIdAndType - ==> Parameters: 63(String), UserRole(String)
2025/12/04-08:57:31 DEBUG [http-nio-9999-exec-3] com.jsh.erp.datasource.mappers.FunctionMapper.selectByExample - <==      Total: 0
2025/12/04-08:57:31 DEBUG [http-nio-9999-exec-3] com.jsh.erp.datasource.mappers.FunctionMapper.selectByExample - ==>  Preparing: SELECT id, number, name, parent_number, url, component, state, sort, enabled, type, push_btn, icon, delete_flag FROM jsh_function WHERE (enabled = ? AND parent_number = ? AND delete_flag <> ?) ORDER BY Sort 
2025/12/04-08:57:31 DEBUG [http-nio-9999-exec-3] com.jsh.erp.datasource.mappers.FunctionMapper.selectByExample - ==> Parameters: true(Boolean), 030110(String), 1(String)
2025/12/04-08:57:31 DEBUG [http-nio-9999-exec-9] com.jsh.erp.datasource.mappers.UserBusinessMapperEx.getBasicDataByKeyIdAndType - <==      Total: 1
2025/12/04-08:57:31 DEBUG [http-nio-9999-exec-9] com.jsh.erp.datasource.mappers.UserBusinessMapperEx.getBasicDataByKeyIdAndType - ==>  Preparing: select * from jsh_user_business where key_id=? and type=? and ifnull(delete_flag,'0') !='1' 
2025/12/04-08:57:31 DEBUG [http-nio-9999-exec-9] com.jsh.erp.datasource.mappers.UserBusinessMapperEx.getBasicDataByKeyIdAndType - ==> Parameters: 10(String), RoleFunctions(String)
2025/12/04-08:57:32 DEBUG [http-nio-9999-exec-3] com.jsh.erp.datasource.mappers.FunctionMapper.selectByExample - <==      Total: 0
2025/12/04-08:57:32 DEBUG [http-nio-9999-exec-3] com.jsh.erp.datasource.mappers.FunctionMapper.selectByExample - ==>  Preparing: SELECT id, number, name, parent_number, url, component, state, sort, enabled, type, push_btn, icon, delete_flag FROM jsh_function WHERE (enabled = ? AND parent_number = ? AND delete_flag <> ?) ORDER BY Sort 
2025/12/04-08:57:32 DEBUG [http-nio-9999-exec-3] com.jsh.erp.datasource.mappers.FunctionMapper.selectByExample - ==> Parameters: true(Boolean), 030111(String), 1(String)
2025/12/04-08:57:32 DEBUG [http-nio-9999-exec-9] com.jsh.erp.datasource.mappers.UserBusinessMapperEx.getBasicDataByKeyIdAndType - <==      Total: 1
2025/12/04-08:57:32 DEBUG [http-nio-9999-exec-9] com.jsh.erp.datasource.mappers.FunctionMapper.selectByExample - ==>  Preparing: SELECT id, number, name, parent_number, url, component, state, sort, enabled, type, push_btn, icon, delete_flag FROM jsh_function WHERE (enabled = ? AND parent_number = ? AND delete_flag <> ?) ORDER BY Sort 
2025/12/04-08:57:32 DEBUG [http-nio-9999-exec-9] com.jsh.erp.datasource.mappers.FunctionMapper.selectByExample - ==> Parameters: true(Boolean), 0401(String), 1(String)
2025/12/04-08:57:32 DEBUG [http-nio-9999-exec-3] com.jsh.erp.datasource.mappers.FunctionMapper.selectByExample - <==      Total: 0
2025/12/04-08:57:32 DEBUG [http-nio-9999-exec-3] com.jsh.erp.datasource.mappers.FunctionMapper.selectByExample - ==>  Preparing: SELECT id, number, name, parent_number, url, component, state, sort, enabled, type, push_btn, icon, delete_flag FROM jsh_function WHERE (enabled = ? AND parent_number = ? AND delete_flag <> ?) ORDER BY Sort 
2025/12/04-08:57:33 DEBUG [http-nio-9999-exec-3] com.jsh.erp.datasource.mappers.FunctionMapper.selectByExample - ==> Parameters: true(Boolean), 030112(String), 1(String)
2025/12/04-08:57:33 DEBUG [http-nio-9999-exec-9] com.jsh.erp.datasource.mappers.FunctionMapper.selectByExample - <==      Total: 2
2025/12/04-08:57:33 DEBUG [http-nio-9999-exec-9] com.jsh.erp.datasource.mappers.FunctionMapper.selectByExample - ==>  Preparing: SELECT id, number, name, parent_number, url, component, state, sort, enabled, type, push_btn, icon, delete_flag FROM jsh_function WHERE (enabled = ? AND parent_number = ? AND delete_flag <> ?) ORDER BY Sort 
2025/12/04-08:57:33 DEBUG [http-nio-9999-exec-9] com.jsh.erp.datasource.mappers.FunctionMapper.selectByExample - ==> Parameters: true(Boolean), 040102(String), 1(String)
2025/12/04-08:57:33 DEBUG [http-nio-9999-exec-3] com.jsh.erp.datasource.mappers.FunctionMapper.selectByExample - <==      Total: 0
2025/12/04-08:57:33 DEBUG [http-nio-9999-exec-3] com.jsh.erp.datasource.mappers.FunctionMapper.selectByExample - ==>  Preparing: SELECT id, number, name, parent_number, url, component, state, sort, enabled, type, push_btn, icon, delete_flag FROM jsh_function WHERE (enabled = ? AND parent_number = ? AND delete_flag <> ?) ORDER BY Sort 
2025/12/04-08:57:33 DEBUG [http-nio-9999-exec-3] com.jsh.erp.datasource.mappers.FunctionMapper.selectByExample - ==> Parameters: true(Boolean), 0101(String), 1(String)
2025/12/04-08:57:34 DEBUG [http-nio-9999-exec-9] com.jsh.erp.datasource.mappers.FunctionMapper.selectByExample - <==      Total: 0
2025/12/04-08:57:34 DEBUG [http-nio-9999-exec-9] com.jsh.erp.datasource.mappers.FunctionMapper.selectByExample - ==>  Preparing: SELECT id, number, name, parent_number, url, component, state, sort, enabled, type, push_btn, icon, delete_flag FROM jsh_function WHERE (enabled = ? AND parent_number = ? AND delete_flag <> ?) ORDER BY Sort 
2025/12/04-08:57:34 DEBUG [http-nio-9999-exec-3] com.jsh.erp.datasource.mappers.FunctionMapper.selectByExample - <==      Total: 4
2025/12/04-08:57:34 DEBUG [http-nio-9999-exec-9] com.jsh.erp.datasource.mappers.FunctionMapper.selectByExample - ==> Parameters: true(Boolean), 040104(String), 1(String)
2025/12/04-08:57:34 DEBUG [http-nio-9999-exec-3] com.jsh.erp.datasource.mappers.FunctionMapper.selectByExample - ==>  Preparing: SELECT id, number, name, parent_number, url, component, state, sort, enabled, type, push_btn, icon, delete_flag FROM jsh_function WHERE (enabled = ? AND parent_number = ? AND delete_flag <> ?) ORDER BY Sort 
2025/12/04-08:57:34 DEBUG [http-nio-9999-exec-3] com.jsh.erp.datasource.mappers.FunctionMapper.selectByExample - ==> Parameters: true(Boolean), 010101(String), 1(String)
2025/12/04-08:57:34 DEBUG [http-nio-9999-exec-9] com.jsh.erp.datasource.mappers.FunctionMapper.selectByExample - <==      Total: 0
2025/12/04-08:57:34 DEBUG [http-nio-9999-exec-9] com.jsh.erp.datasource.mappers.FunctionMapper.selectByExample - ==>  Preparing: SELECT id, number, name, parent_number, url, component, state, sort, enabled, type, push_btn, icon, delete_flag FROM jsh_function WHERE (enabled = ? AND parent_number = ? AND delete_flag <> ?) ORDER BY Sort 
2025/12/04-08:57:35 DEBUG [http-nio-9999-exec-3] com.jsh.erp.datasource.mappers.FunctionMapper.selectByExample - <==      Total: 0
2025/12/04-08:57:35 DEBUG [http-nio-9999-exec-3] com.jsh.erp.datasource.mappers.FunctionMapper.selectByExample - ==>  Preparing: SELECT id, number, name, parent_number, url, component, state, sort, enabled, type, push_btn, icon, delete_flag FROM jsh_function WHERE (enabled = ? AND parent_number = ? AND delete_flag <> ?) ORDER BY Sort 
2025/12/04-08:57:35 DEBUG [http-nio-9999-exec-9] com.jsh.erp.datasource.mappers.FunctionMapper.selectByExample - ==> Parameters: true(Boolean), 0502(String), 1(String)
2025/12/04-08:57:35 DEBUG [http-nio-9999-exec-3] com.jsh.erp.datasource.mappers.FunctionMapper.selectByExample - ==> Parameters: true(Boolean), 010102(String), 1(String)
2025/12/04-08:57:35 DEBUG [http-nio-9999-exec-9] com.jsh.erp.datasource.mappers.FunctionMapper.selectByExample - <==      Total: 4
2025/12/04-08:57:35 DEBUG [http-nio-9999-exec-9] com.jsh.erp.datasource.mappers.FunctionMapper.selectByExample - ==>  Preparing: SELECT id, number, name, parent_number, url, component, state, sort, enabled, type, push_btn, icon, delete_flag FROM jsh_function WHERE (enabled = ? AND parent_number = ? AND delete_flag <> ?) ORDER BY Sort 
2025/12/04-08:57:35 DEBUG [http-nio-9999-exec-3] com.jsh.erp.datasource.mappers.FunctionMapper.selectByExample - <==      Total: 0
2025/12/04-08:57:36 DEBUG [http-nio-9999-exec-3] com.jsh.erp.datasource.mappers.FunctionMapper.selectByExample - ==>  Preparing: SELECT id, number, name, parent_number, url, component, state, sort, enabled, type, push_btn, icon, delete_flag FROM jsh_function WHERE (enabled = ? AND parent_number = ? AND delete_flag <> ?) ORDER BY Sort 
2025/12/04-08:57:36 DEBUG [http-nio-9999-exec-9] com.jsh.erp.datasource.mappers.FunctionMapper.selectByExample - ==> Parameters: true(Boolean), 050203(String), 1(String)
2025/12/04-08:57:36 DEBUG [http-nio-9999-exec-3] com.jsh.erp.datasource.mappers.FunctionMapper.selectByExample - ==> Parameters: true(Boolean), 010103(String), 1(String)
2025/12/04-08:57:36 DEBUG [http-nio-9999-exec-9] com.jsh.erp.datasource.mappers.FunctionMapper.selectByExample - <==      Total: 0
2025/12/04-08:57:36 DEBUG [http-nio-9999-exec-9] com.jsh.erp.datasource.mappers.FunctionMapper.selectByExample - ==>  Preparing: SELECT id, number, name, parent_number, url, component, state, sort, enabled, type, push_btn, icon, delete_flag FROM jsh_function WHERE (enabled = ? AND parent_number = ? AND delete_flag <> ?) ORDER BY Sort 
2025/12/04-08:57:36 DEBUG [http-nio-9999-exec-3] com.jsh.erp.datasource.mappers.FunctionMapper.selectByExample - <==      Total: 0
2025/12/04-08:57:36 DEBUG [http-nio-9999-exec-3] com.jsh.erp.datasource.mappers.FunctionMapper.selectByExample - ==>  Preparing: SELECT id, number, name, parent_number, url, component, state, sort, enabled, type, push_btn, icon, delete_flag FROM jsh_function WHERE (enabled = ? AND parent_number = ? AND delete_flag <> ?) ORDER BY Sort 
2025/12/04-08:57:36 DEBUG [http-nio-9999-exec-9] com.jsh.erp.datasource.mappers.FunctionMapper.selectByExample - ==> Parameters: true(Boolean), 050202(String), 1(String)
2025/12/04-08:57:36 DEBUG [http-nio-9999-exec-7] com.jsh.erp.datasource.mappers.PlatformConfigMapper.selectByExample - ==>  Preparing: SELECT id, platform_key, platform_key_info, platform_value FROM jsh_platform_config WHERE (platform_key = ?) 
2025/12/04-08:57:37 DEBUG [http-nio-9999-exec-3] com.jsh.erp.datasource.mappers.FunctionMapper.selectByExample - ==> Parameters: true(Boolean), 010105(String), 1(String)
2025/12/04-08:57:37 DEBUG [http-nio-9999-exec-7] com.jsh.erp.datasource.mappers.PlatformConfigMapper.selectByExample - ==> Parameters: platform_name(String)
2025/12/04-08:57:37 DEBUG [http-nio-9999-exec-9] com.jsh.erp.datasource.mappers.FunctionMapper.selectByExample - <==      Total: 0
2025/12/04-08:57:37 DEBUG [http-nio-9999-exec-9] com.jsh.erp.datasource.mappers.FunctionMapper.selectByExample - ==>  Preparing: SELECT id, number, name, parent_number, url, component, state, sort, enabled, type, push_btn, icon, delete_flag FROM jsh_function WHERE (enabled = ? AND parent_number = ? AND delete_flag <> ?) ORDER BY Sort 
2025/12/04-08:57:37 DEBUG [http-nio-9999-exec-3] com.jsh.erp.datasource.mappers.FunctionMapper.selectByExample - <==      Total: 0
2025/12/04-08:57:37 DEBUG [http-nio-9999-exec-3] com.jsh.erp.datasource.mappers.FunctionMapper.selectByExample - ==>  Preparing: SELECT id, number, name, parent_number, url, component, state, sort, enabled, type, push_btn, icon, delete_flag FROM jsh_function WHERE (enabled = ? AND parent_number = ? AND delete_flag <> ?) ORDER BY Sort 
2025/12/04-08:57:37 DEBUG [http-nio-9999-exec-9] com.jsh.erp.datasource.mappers.FunctionMapper.selectByExample - ==> Parameters: true(Boolean), 050201(String), 1(String)
2025/12/04-08:57:37 DEBUG [http-nio-9999-exec-3] com.jsh.erp.datasource.mappers.FunctionMapper.selectByExample - ==> Parameters: true(Boolean), 0102(String), 1(String)
2025/12/04-08:57:37 DEBUG [http-nio-9999-exec-7] com.jsh.erp.datasource.mappers.PlatformConfigMapper.selectByExample - <==      Total: 1
2025/12/04-08:57:37 DEBUG [http-nio-9999-exec-5] com.jsh.erp.datasource.mappers.PlatformConfigMapper.selectByExample - ==>  Preparing: SELECT id, platform_key, platform_key_info, platform_value FROM jsh_platform_config WHERE (platform_key = ?) 
2025/12/04-08:57:38 DEBUG [http-nio-9999-exec-5] com.jsh.erp.datasource.mappers.PlatformConfigMapper.selectByExample - ==> Parameters: platform_url(String)
2025/12/04-08:57:38 DEBUG [http-nio-9999-exec-9] com.jsh.erp.datasource.mappers.FunctionMapper.selectByExample - <==      Total: 0
2025/12/04-08:57:38 DEBUG [http-nio-9999-exec-9] com.jsh.erp.datasource.mappers.FunctionMapper.selectByExample - ==>  Preparing: SELECT id, number, name, parent_number, url, component, state, sort, enabled, type, push_btn, icon, delete_flag FROM jsh_function WHERE (enabled = ? AND parent_number = ? AND delete_flag <> ?) ORDER BY Sort 
2025/12/04-08:57:38 DEBUG [http-nio-9999-exec-3] com.jsh.erp.datasource.mappers.FunctionMapper.selectByExample - <==      Total: 7
2025/12/04-08:57:38 DEBUG [http-nio-9999-exec-3] com.jsh.erp.datasource.mappers.FunctionMapper.selectByExample - ==>  Preparing: SELECT id, number, name, parent_number, url, component, state, sort, enabled, type, push_btn, icon, delete_flag FROM jsh_function WHERE (enabled = ? AND parent_number = ? AND delete_flag <> ?) ORDER BY Sort 
2025/12/04-08:57:38 DEBUG [http-nio-9999-exec-9] com.jsh.erp.datasource.mappers.FunctionMapper.selectByExample - ==> Parameters: true(Boolean), 050204(String), 1(String)
2025/12/04-08:57:38 DEBUG [http-nio-9999-exec-3] com.jsh.erp.datasource.mappers.FunctionMapper.selectByExample - ==> Parameters: true(Boolean), 01020101(String), 1(String)
2025/12/04-08:57:38 DEBUG [http-nio-9999-exec-5] com.jsh.erp.datasource.mappers.PlatformConfigMapper.selectByExample - <==      Total: 1
2025/12/04-08:57:39 DEBUG [http-nio-9999-exec-9] com.jsh.erp.datasource.mappers.FunctionMapper.selectByExample - <==      Total: 0
2025/12/04-08:57:39 DEBUG [http-nio-9999-exec-9] com.jsh.erp.datasource.mappers.FunctionMapper.selectByExample - ==>  Preparing: SELECT id, number, name, parent_number, url, component, state, sort, enabled, type, push_btn, icon, delete_flag FROM jsh_function WHERE (enabled = ? AND parent_number = ? AND delete_flag <> ?) ORDER BY Sort 
2025/12/04-08:57:39 DEBUG [http-nio-9999-exec-10] com.jsh.erp.datasource.mappers.PlatformConfigMapper.selectByExample - ==>  Preparing: SELECT id, platform_key, platform_key_info, platform_value FROM jsh_platform_config WHERE (platform_key = ?) 
2025/12/04-08:57:39 DEBUG [http-nio-9999-exec-3] com.jsh.erp.datasource.mappers.FunctionMapper.selectByExample - <==      Total: 0
2025/12/04-08:57:39 DEBUG [http-nio-9999-exec-3] com.jsh.erp.datasource.mappers.FunctionMapper.selectByExample - ==>  Preparing: SELECT id, number, name, parent_number, url, component, state, sort, enabled, type, push_btn, icon, delete_flag FROM jsh_function WHERE (enabled = ? AND parent_number = ? AND delete_flag <> ?) ORDER BY Sort 
2025/12/04-08:57:39 DEBUG [http-nio-9999-exec-10] com.jsh.erp.datasource.mappers.PlatformConfigMapper.selectByExample - ==> Parameters: checkcode_flag(String)
2025/12/04-08:57:39 DEBUG [http-nio-9999-exec-9] com.jsh.erp.datasource.mappers.FunctionMapper.selectByExample - ==> Parameters: true(Boolean), 0603(String), 1(String)
2025/12/04-08:57:39 DEBUG [http-nio-9999-exec-3] com.jsh.erp.datasource.mappers.FunctionMapper.selectByExample - ==> Parameters: true(Boolean), 01020102(String), 1(String)
2025/12/04-08:57:39 DEBUG [http-nio-9999-exec-4] com.jsh.erp.datasource.mappers.PlatformConfigMapper.selectByExample - ==>  Preparing: SELECT id, platform_key, platform_key_info, platform_value FROM jsh_platform_config WHERE (platform_key = ?) 
2025/12/04-08:57:39 DEBUG [http-nio-9999-exec-4] com.jsh.erp.datasource.mappers.PlatformConfigMapper.selectByExample - ==> Parameters: register_flag(String)
2025/12/04-08:57:39 DEBUG [http-nio-9999-exec-10] com.jsh.erp.datasource.mappers.PlatformConfigMapper.selectByExample - <==      Total: 1
2025/12/04-08:57:39 DEBUG [http-nio-9999-exec-3] com.jsh.erp.datasource.mappers.FunctionMapper.selectByExample - <==      Total: 0
2025/12/04-08:57:39 DEBUG [http-nio-9999-exec-3] com.jsh.erp.datasource.mappers.FunctionMapper.selectByExample - ==>  Preparing: SELECT id, number, name, parent_number, url, component, state, sort, enabled, type, push_btn, icon, delete_flag FROM jsh_function WHERE (enabled = ? AND parent_number = ? AND delete_flag <> ?) ORDER BY Sort 
2025/12/04-08:57:39 DEBUG [http-nio-9999-exec-9] com.jsh.erp.datasource.mappers.FunctionMapper.selectByExample - <==      Total: 3
2025/12/04-08:57:39 DEBUG [http-nio-9999-exec-9] com.jsh.erp.datasource.mappers.FunctionMapper.selectByExample - ==>  Preparing: SELECT id, number, name, parent_number, url, component, state, sort, enabled, type, push_btn, icon, delete_flag FROM jsh_function WHERE (enabled = ? AND parent_number = ? AND delete_flag <> ?) ORDER BY Sort 
2025/12/04-08:57:40 DEBUG [http-nio-9999-exec-3] com.jsh.erp.datasource.mappers.FunctionMapper.selectByExample - ==> Parameters: true(Boolean), 01020103(String), 1(String)
2025/12/04-08:57:40 DEBUG [http-nio-9999-exec-4] com.jsh.erp.datasource.mappers.PlatformConfigMapper.selectByExample - <==      Total: 1
2025/12/04-08:57:40 DEBUG [http-nio-9999-exec-9] com.jsh.erp.datasource.mappers.FunctionMapper.selectByExample - ==> Parameters: true(Boolean), 060301(String), 1(String)
2025/12/04-08:57:40 DEBUG [http-nio-9999-exec-3] com.jsh.erp.datasource.mappers.FunctionMapper.selectByExample - <==      Total: 0
2025/12/04-08:57:40 DEBUG [http-nio-9999-exec-3] com.jsh.erp.datasource.mappers.FunctionMapper.selectByExample - ==>  Preparing: SELECT id, number, name, parent_number, url, component, state, sort, enabled, type, push_btn, icon, delete_flag FROM jsh_function WHERE (enabled = ? AND parent_number = ? AND delete_flag <> ?) ORDER BY Sort 
2025/12/04-08:57:40 DEBUG [http-nio-9999-exec-9] com.jsh.erp.datasource.mappers.FunctionMapper.selectByExample - <==      Total: 0
2025/12/04-08:57:40 DEBUG [http-nio-9999-exec-9] com.jsh.erp.datasource.mappers.FunctionMapper.selectByExample - ==>  Preparing: SELECT id, number, name, parent_number, url, component, state, sort, enabled, type, push_btn, icon, delete_flag FROM jsh_function WHERE (enabled = ? AND parent_number = ? AND delete_flag <> ?) ORDER BY Sort 
2025/12/04-08:57:40 DEBUG [http-nio-9999-exec-3] com.jsh.erp.datasource.mappers.FunctionMapper.selectByExample - ==> Parameters: true(Boolean), 010202(String), 1(String)
2025/12/04-08:57:41 DEBUG [http-nio-9999-exec-9] com.jsh.erp.datasource.mappers.FunctionMapper.selectByExample - ==> Parameters: true(Boolean), 060303(String), 1(String)
2025/12/04-08:57:41 DEBUG [http-nio-9999-exec-3] com.jsh.erp.datasource.mappers.FunctionMapper.selectByExample - <==      Total: 0
2025/12/04-08:57:41 DEBUG [http-nio-9999-exec-3] com.jsh.erp.datasource.mappers.FunctionMapper.selectByExample - ==>  Preparing: SELECT id, number, name, parent_number, url, component, state, sort, enabled, type, push_btn, icon, delete_flag FROM jsh_function WHERE (enabled = ? AND parent_number = ? AND delete_flag <> ?) ORDER BY Sort 
2025/12/04-08:57:41 DEBUG [http-nio-9999-exec-9] com.jsh.erp.datasource.mappers.FunctionMapper.selectByExample - <==      Total: 0
2025/12/04-08:57:41 DEBUG [http-nio-9999-exec-9] com.jsh.erp.datasource.mappers.FunctionMapper.selectByExample - ==>  Preparing: SELECT id, number, name, parent_number, url, component, state, sort, enabled, type, push_btn, icon, delete_flag FROM jsh_function WHERE (enabled = ? AND parent_number = ? AND delete_flag <> ?) ORDER BY Sort 
2025/12/04-08:57:41 DEBUG [http-nio-9999-exec-3] com.jsh.erp.datasource.mappers.FunctionMapper.selectByExample - ==> Parameters: true(Boolean), 010204(String), 1(String)
2025/12/04-08:57:41 DEBUG [http-nio-9999-exec-9] com.jsh.erp.datasource.mappers.FunctionMapper.selectByExample - ==> Parameters: true(Boolean), 060305(String), 1(String)
2025/12/04-08:57:42 DEBUG [http-nio-9999-exec-3] com.jsh.erp.datasource.mappers.FunctionMapper.selectByExample - <==      Total: 0
2025/12/04-08:57:42 DEBUG [http-nio-9999-exec-3] com.jsh.erp.datasource.mappers.FunctionMapper.selectByExample - ==>  Preparing: SELECT id, number, name, parent_number, url, component, state, sort, enabled, type, push_btn, icon, delete_flag FROM jsh_function WHERE (enabled = ? AND parent_number = ? AND delete_flag <> ?) ORDER BY Sort 
2025/12/04-08:57:42 DEBUG [http-nio-9999-exec-9] com.jsh.erp.datasource.mappers.FunctionMapper.selectByExample - <==      Total: 0
2025/12/04-08:57:42 DEBUG [http-nio-9999-exec-9] com.jsh.erp.datasource.mappers.FunctionMapper.selectByExample - ==>  Preparing: SELECT id, number, name, parent_number, url, component, state, sort, enabled, type, push_btn, icon, delete_flag FROM jsh_function WHERE (enabled = ? AND parent_number = ? AND delete_flag <> ?) ORDER BY Sort 
2025/12/04-08:57:42 DEBUG [http-nio-9999-exec-3] com.jsh.erp.datasource.mappers.FunctionMapper.selectByExample - ==> Parameters: true(Boolean), 010205(String), 1(String)
2025/12/04-08:57:42 DEBUG [http-nio-9999-exec-9] com.jsh.erp.datasource.mappers.FunctionMapper.selectByExample - ==> Parameters: true(Boolean), 0801(String), 1(String)
2025/12/04-08:57:43 DEBUG [http-nio-9999-exec-3] com.jsh.erp.datasource.mappers.FunctionMapper.selectByExample - <==      Total: 0
2025/12/04-08:57:43 DEBUG [http-nio-9999-exec-3] com.jsh.erp.datasource.mappers.FunctionMapper.selectByExample - ==>  Preparing: SELECT id, number, name, parent_number, url, component, state, sort, enabled, type, push_btn, icon, delete_flag FROM jsh_function WHERE (enabled = ? AND parent_number = ? AND delete_flag <> ?) ORDER BY Sort 
2025/12/04-08:57:43 DEBUG [http-nio-9999-exec-9] com.jsh.erp.datasource.mappers.FunctionMapper.selectByExample - <==      Total: 5
2025/12/04-08:57:43 DEBUG [http-nio-9999-exec-9] com.jsh.erp.datasource.mappers.FunctionMapper.selectByExample - ==>  Preparing: SELECT id, number, name, parent_number, url, component, state, sort, enabled, type, push_btn, icon, delete_flag FROM jsh_function WHERE (enabled = ? AND parent_number = ? AND delete_flag <> ?) ORDER BY Sort 
2025/12/04-08:57:43 DEBUG [http-nio-9999-exec-3] com.jsh.erp.datasource.mappers.FunctionMapper.selectByExample - ==> Parameters: true(Boolean), 010206(String), 1(String)
2025/12/04-08:57:43 DEBUG [http-nio-9999-exec-9] com.jsh.erp.datasource.mappers.FunctionMapper.selectByExample - ==> Parameters: true(Boolean), 080103(String), 1(String)
2025/12/04-08:57:43 DEBUG [http-nio-9999-exec-3] com.jsh.erp.datasource.mappers.FunctionMapper.selectByExample - <==      Total: 0
2025/12/04-08:57:43 DEBUG [http-nio-9999-exec-3] com.jsh.erp.datasource.mappers.FunctionMapper.selectByExample - ==>  Preparing: SELECT id, number, name, parent_number, url, component, state, sort, enabled, type, push_btn, icon, delete_flag FROM jsh_function WHERE (enabled = ? AND parent_number = ? AND delete_flag <> ?) ORDER BY Sort 
2025/12/04-08:57:44 DEBUG [http-nio-9999-exec-9] com.jsh.erp.datasource.mappers.FunctionMapper.selectByExample - <==      Total: 0
2025/12/04-08:57:44 DEBUG [http-nio-9999-exec-9] com.jsh.erp.datasource.mappers.FunctionMapper.selectByExample - ==>  Preparing: SELECT id, number, name, parent_number, url, component, state, sort, enabled, type, push_btn, icon, delete_flag FROM jsh_function WHERE (enabled = ? AND parent_number = ? AND delete_flag <> ?) ORDER BY Sort 
2025/12/04-08:57:44 DEBUG [http-nio-9999-exec-3] com.jsh.erp.datasource.mappers.FunctionMapper.selectByExample - ==> Parameters: true(Boolean), 0001(String), 1(String)
2025/12/04-08:57:44 DEBUG [http-nio-9999-exec-9] com.jsh.erp.datasource.mappers.FunctionMapper.selectByExample - ==> Parameters: true(Boolean), 080105(String), 1(String)
2025/12/04-08:57:44 DEBUG [http-nio-9999-exec-3] com.jsh.erp.datasource.mappers.FunctionMapper.selectByExample - <==      Total: 10
2025/12/04-08:57:44 DEBUG [http-nio-9999-exec-3] com.jsh.erp.datasource.mappers.FunctionMapper.selectByExample - ==>  Preparing: SELECT id, number, name, parent_number, url, component, state, sort, enabled, type, push_btn, icon, delete_flag FROM jsh_function WHERE (enabled = ? AND parent_number = ? AND delete_flag <> ?) ORDER BY Sort 
2025/12/04-08:57:44 DEBUG [http-nio-9999-exec-9] com.jsh.erp.datasource.mappers.FunctionMapper.selectByExample - <==      Total: 0
2025/12/04-08:57:44 DEBUG [http-nio-9999-exec-9] com.jsh.erp.datasource.mappers.FunctionMapper.selectByExample - ==>  Preparing: SELECT id, number, name, parent_number, url, component, state, sort, enabled, type, push_btn, icon, delete_flag FROM jsh_function WHERE (enabled = ? AND parent_number = ? AND delete_flag <> ?) ORDER BY Sort 
2025/12/04-08:57:44 DEBUG [http-nio-9999-exec-3] com.jsh.erp.datasource.mappers.FunctionMapper.selectByExample - ==> Parameters: true(Boolean), 000102(String), 1(String)
2025/12/04-08:57:45 DEBUG [http-nio-9999-exec-9] com.jsh.erp.datasource.mappers.FunctionMapper.selectByExample - ==> Parameters: true(Boolean), 080107(String), 1(String)
2025/12/04-08:57:45 DEBUG [http-nio-9999-exec-3] com.jsh.erp.datasource.mappers.FunctionMapper.selectByExample - <==      Total: 0
2025/12/04-08:57:45 DEBUG [http-nio-9999-exec-3] com.jsh.erp.datasource.mappers.FunctionMapper.selectByExample - ==>  Preparing: SELECT id, number, name, parent_number, url, component, state, sort, enabled, type, push_btn, icon, delete_flag FROM jsh_function WHERE (enabled = ? AND parent_number = ? AND delete_flag <> ?) ORDER BY Sort 
2025/12/04-08:57:45 DEBUG [http-nio-9999-exec-9] com.jsh.erp.datasource.mappers.FunctionMapper.selectByExample - <==      Total: 0
2025/12/04-08:57:45 DEBUG [http-nio-9999-exec-9] com.jsh.erp.datasource.mappers.FunctionMapper.selectByExample - ==>  Preparing: SELECT id, number, name, parent_number, url, component, state, sort, enabled, type, push_btn, icon, delete_flag FROM jsh_function WHERE (enabled = ? AND parent_number = ? AND delete_flag <> ?) ORDER BY Sort 
2025/12/04-08:57:45 DEBUG [http-nio-9999-exec-3] com.jsh.erp.datasource.mappers.FunctionMapper.selectByExample - ==> Parameters: true(Boolean), 000103(String), 1(String)
2025/12/04-08:57:45 DEBUG [http-nio-9999-exec-9] com.jsh.erp.datasource.mappers.FunctionMapper.selectByExample - ==> Parameters: true(Boolean), 080109(String), 1(String)
2025/12/04-08:57:46 DEBUG [http-nio-9999-exec-3] com.jsh.erp.datasource.mappers.FunctionMapper.selectByExample - <==      Total: 0
2025/12/04-08:57:46 DEBUG [http-nio-9999-exec-3] com.jsh.erp.datasource.mappers.FunctionMapper.selectByExample - ==>  Preparing: SELECT id, number, name, parent_number, url, component, state, sort, enabled, type, push_btn, icon, delete_flag FROM jsh_function WHERE (enabled = ? AND parent_number = ? AND delete_flag <> ?) ORDER BY Sort 
2025/12/04-08:57:46 DEBUG [http-nio-9999-exec-9] com.jsh.erp.datasource.mappers.FunctionMapper.selectByExample - <==      Total: 0
2025/12/04-08:57:46 DEBUG [http-nio-9999-exec-3] com.jsh.erp.datasource.mappers.FunctionMapper.selectByExample - ==> Parameters: true(Boolean), 000108(String), 1(String)
2025/12/04-08:57:46 DEBUG [http-nio-9999-exec-9] com.jsh.erp.datasource.mappers.FunctionMapper.selectByExample - ==>  Preparing: SELECT id, number, name, parent_number, url, component, state, sort, enabled, type, push_btn, icon, delete_flag FROM jsh_function WHERE (enabled = ? AND parent_number = ? AND delete_flag <> ?) ORDER BY Sort 
2025/12/04-08:57:46 DEBUG [http-nio-9999-exec-9] com.jsh.erp.datasource.mappers.FunctionMapper.selectByExample - ==> Parameters: true(Boolean), 080111(String), 1(String)
2025/12/04-08:57:46 DEBUG [http-nio-9999-exec-3] com.jsh.erp.datasource.mappers.FunctionMapper.selectByExample - <==      Total: 0
2025/12/04-08:57:46 DEBUG [http-nio-9999-exec-3] com.jsh.erp.datasource.mappers.FunctionMapper.selectByExample - ==>  Preparing: SELECT id, number, name, parent_number, url, component, state, sort, enabled, type, push_btn, icon, delete_flag FROM jsh_function WHERE (enabled = ? AND parent_number = ? AND delete_flag <> ?) ORDER BY Sort 
2025/12/04-08:57:47 DEBUG [http-nio-9999-exec-3] com.jsh.erp.datasource.mappers.FunctionMapper.selectByExample - ==> Parameters: true(Boolean), 000104(String), 1(String)
2025/12/04-08:57:47 DEBUG [http-nio-9999-exec-9] com.jsh.erp.datasource.mappers.FunctionMapper.selectByExample - <==      Total: 0
2025/12/04-08:57:47 DEBUG [http-nio-9999-exec-9] com.jsh.erp.datasource.mappers.FunctionMapper.selectByExample - ==>  Preparing: SELECT id, number, name, parent_number, url, component, state, sort, enabled, type, push_btn, icon, delete_flag FROM jsh_function WHERE (enabled = ? AND parent_number = ? AND delete_flag <> ?) ORDER BY Sort 
2025/12/04-08:57:47 DEBUG [http-nio-9999-exec-9] com.jsh.erp.datasource.mappers.FunctionMapper.selectByExample - ==> Parameters: true(Boolean), 0704(String), 1(String)
2025/12/04-08:57:47 DEBUG [http-nio-9999-exec-3] com.jsh.erp.datasource.mappers.FunctionMapper.selectByExample - <==      Total: 0
2025/12/04-08:57:47 DEBUG [http-nio-9999-exec-3] com.jsh.erp.datasource.mappers.FunctionMapper.selectByExample - ==>  Preparing: SELECT id, number, name, parent_number, url, component, state, sort, enabled, type, push_btn, icon, delete_flag FROM jsh_function WHERE (enabled = ? AND parent_number = ? AND delete_flag <> ?) ORDER BY Sort 
2025/12/04-08:57:48 DEBUG [http-nio-9999-exec-3] com.jsh.erp.datasource.mappers.FunctionMapper.selectByExample - ==> Parameters: true(Boolean), 000106(String), 1(String)
2025/12/04-08:57:48 DEBUG [http-nio-9999-exec-9] com.jsh.erp.datasource.mappers.FunctionMapper.selectByExample - <==      Total: 6
2025/12/04-08:57:48 DEBUG [http-nio-9999-exec-9] com.jsh.erp.datasource.mappers.FunctionMapper.selectByExample - ==>  Preparing: SELECT id, number, name, parent_number, url, component, state, sort, enabled, type, push_btn, icon, delete_flag FROM jsh_function WHERE (enabled = ? AND parent_number = ? AND delete_flag <> ?) ORDER BY Sort 
2025/12/04-08:57:48 DEBUG [http-nio-9999-exec-9] com.jsh.erp.datasource.mappers.FunctionMapper.selectByExample - ==> Parameters: true(Boolean), 070402(String), 1(String)
2025/12/04-08:57:48 DEBUG [http-nio-9999-exec-3] com.jsh.erp.datasource.mappers.FunctionMapper.selectByExample - <==      Total: 0
2025/12/04-08:57:48 DEBUG [http-nio-9999-exec-3] com.jsh.erp.datasource.mappers.FunctionMapper.selectByExample - ==>  Preparing: SELECT id, number, name, parent_number, url, component, state, sort, enabled, type, push_btn, icon, delete_flag FROM jsh_function WHERE (enabled = ? AND parent_number = ? AND delete_flag <> ?) ORDER BY Sort 
2025/12/04-08:57:48 DEBUG [http-nio-9999-exec-3] com.jsh.erp.datasource.mappers.FunctionMapper.selectByExample - ==> Parameters: true(Boolean), 000105(String), 1(String)
2025/12/04-08:57:48 DEBUG [http-nio-9999-exec-9] com.jsh.erp.datasource.mappers.FunctionMapper.selectByExample - <==      Total: 0
2025/12/04-08:57:48 DEBUG [http-nio-9999-exec-9] com.jsh.erp.datasource.mappers.FunctionMapper.selectByExample - ==>  Preparing: SELECT id, number, name, parent_number, url, component, state, sort, enabled, type, push_btn, icon, delete_flag FROM jsh_function WHERE (enabled = ? AND parent_number = ? AND delete_flag <> ?) ORDER BY Sort 
2025/12/04-08:57:49 DEBUG [http-nio-9999-exec-9] com.jsh.erp.datasource.mappers.FunctionMapper.selectByExample - ==> Parameters: true(Boolean), 070403(String), 1(String)
2025/12/04-08:57:49 DEBUG [http-nio-9999-exec-3] com.jsh.erp.datasource.mappers.FunctionMapper.selectByExample - <==      Total: 0
2025/12/04-08:57:49 DEBUG [http-nio-9999-exec-3] com.jsh.erp.datasource.mappers.FunctionMapper.selectByExample - ==>  Preparing: SELECT id, number, name, parent_number, url, component, state, sort, enabled, type, push_btn, icon, delete_flag FROM jsh_function WHERE (enabled = ? AND parent_number = ? AND delete_flag <> ?) ORDER BY Sort 
2025/12/04-08:57:49 DEBUG [http-nio-9999-exec-3] com.jsh.erp.datasource.mappers.FunctionMapper.selectByExample - ==> Parameters: true(Boolean), 000105(String), 1(String)
2025/12/04-08:57:49 DEBUG [http-nio-9999-exec-9] com.jsh.erp.datasource.mappers.FunctionMapper.selectByExample - <==      Total: 0
2025/12/04-08:57:49 DEBUG [http-nio-9999-exec-9] com.jsh.erp.datasource.mappers.FunctionMapper.selectByExample - ==>  Preparing: SELECT id, number, name, parent_number, url, component, state, sort, enabled, type, push_btn, icon, delete_flag FROM jsh_function WHERE (enabled = ? AND parent_number = ? AND delete_flag <> ?) ORDER BY Sort 
2025/12/04-08:57:49 DEBUG [http-nio-9999-exec-9] com.jsh.erp.datasource.mappers.FunctionMapper.selectByExample - ==> Parameters: true(Boolean), 070404(String), 1(String)
2025/12/04-08:57:50 DEBUG [http-nio-9999-exec-3] com.jsh.erp.datasource.mappers.FunctionMapper.selectByExample - <==      Total: 0
2025/12/04-08:57:50 DEBUG [http-nio-9999-exec-3] com.jsh.erp.datasource.mappers.FunctionMapper.selectByExample - ==>  Preparing: SELECT id, number, name, parent_number, url, component, state, sort, enabled, type, push_btn, icon, delete_flag FROM jsh_function WHERE (enabled = ? AND parent_number = ? AND delete_flag <> ?) ORDER BY Sort 
2025/12/04-08:57:50 DEBUG [http-nio-9999-exec-3] com.jsh.erp.datasource.mappers.FunctionMapper.selectByExample - ==> Parameters: true(Boolean), 000109(String), 1(String)
2025/12/04-08:57:50 DEBUG [http-nio-9999-exec-9] com.jsh.erp.datasource.mappers.FunctionMapper.selectByExample - <==      Total: 0
2025/12/04-08:57:50 DEBUG [http-nio-9999-exec-9] com.jsh.erp.datasource.mappers.FunctionMapper.selectByExample - ==>  Preparing: SELECT id, number, name, parent_number, url, component, state, sort, enabled, type, push_btn, icon, delete_flag FROM jsh_function WHERE (enabled = ? AND parent_number = ? AND delete_flag <> ?) ORDER BY Sort 
2025/12/04-08:57:50 DEBUG [http-nio-9999-exec-9] com.jsh.erp.datasource.mappers.FunctionMapper.selectByExample - ==> Parameters: true(Boolean), 070405(String), 1(String)
2025/12/04-08:57:50 DEBUG [http-nio-9999-exec-3] com.jsh.erp.datasource.mappers.FunctionMapper.selectByExample - <==      Total: 0
2025/12/04-08:57:50 DEBUG [http-nio-9999-exec-3] com.jsh.erp.datasource.mappers.FunctionMapper.selectByExample - ==>  Preparing: SELECT id, number, name, parent_number, url, component, state, sort, enabled, type, push_btn, icon, delete_flag FROM jsh_function WHERE (enabled = ? AND parent_number = ? AND delete_flag <> ?) ORDER BY Sort 
2025/12/04-08:57:51 DEBUG [http-nio-9999-exec-3] com.jsh.erp.datasource.mappers.FunctionMapper.selectByExample - ==> Parameters: true(Boolean), 000107(String), 1(String)
2025/12/04-08:57:51 DEBUG [http-nio-9999-exec-9] com.jsh.erp.datasource.mappers.FunctionMapper.selectByExample - <==      Total: 0
2025/12/04-08:57:51 DEBUG [http-nio-9999-exec-9] com.jsh.erp.datasource.mappers.FunctionMapper.selectByExample - ==>  Preparing: SELECT id, number, name, parent_number, url, component, state, sort, enabled, type, push_btn, icon, delete_flag FROM jsh_function WHERE (enabled = ? AND parent_number = ? AND delete_flag <> ?) ORDER BY Sort 
2025/12/04-08:57:51 DEBUG [http-nio-9999-exec-9] com.jsh.erp.datasource.mappers.FunctionMapper.selectByExample - ==> Parameters: true(Boolean), 070406(String), 1(String)
2025/12/04-08:57:51 DEBUG [http-nio-9999-exec-3] com.jsh.erp.datasource.mappers.FunctionMapper.selectByExample - <==      Total: 0
2025/12/04-08:57:51 DEBUG [http-nio-9999-exec-3] com.jsh.erp.datasource.mappers.FunctionMapper.selectByExample - ==>  Preparing: SELECT id, number, name, parent_number, url, component, state, sort, enabled, type, push_btn, icon, delete_flag FROM jsh_function WHERE (enabled = ? AND parent_number = ? AND delete_flag <> ?) ORDER BY Sort 
2025/12/04-08:57:51 DEBUG [http-nio-9999-exec-3] com.jsh.erp.datasource.mappers.FunctionMapper.selectByExample - ==> Parameters: true(Boolean), 000112(String), 1(String)
2025/12/04-08:57:52 DEBUG [http-nio-9999-exec-9] com.jsh.erp.datasource.mappers.FunctionMapper.selectByExample - <==      Total: 0
2025/12/04-08:57:52 DEBUG [http-nio-9999-exec-9] com.jsh.erp.datasource.mappers.FunctionMapper.selectByExample - ==>  Preparing: SELECT id, number, name, parent_number, url, component, state, sort, enabled, type, push_btn, icon, delete_flag FROM jsh_function WHERE (enabled = ? AND parent_number = ? AND delete_flag <> ?) ORDER BY Sort 
2025/12/04-08:57:52 DEBUG [http-nio-9999-exec-9] com.jsh.erp.datasource.mappers.FunctionMapper.selectByExample - ==> Parameters: true(Boolean), 070407(String), 1(String)
2025/12/04-08:57:52 DEBUG [http-nio-9999-exec-3] com.jsh.erp.datasource.mappers.FunctionMapper.selectByExample - <==      Total: 0
2025/12/04-08:57:52 DEBUG [http-nio-9999-exec-9] com.jsh.erp.datasource.mappers.FunctionMapper.selectByExample - <==      Total: 0
2025/12/04-08:57:52 DEBUG [http-nio-9999-exec-9] com.jsh.erp.datasource.mappers.FunctionMapper.selectByExample - ==>  Preparing: SELECT id, number, name, parent_number, url, component, state, sort, enabled, type, push_btn, icon, delete_flag FROM jsh_function WHERE (enabled = ? AND parent_number = ? AND delete_flag <> ?) ORDER BY Sort 
2025/12/04-08:57:53 DEBUG [http-nio-9999-exec-9] com.jsh.erp.datasource.mappers.FunctionMapper.selectByExample - ==> Parameters: true(Boolean), 0301(String), 1(String)
2025/12/04-08:57:53 DEBUG [http-nio-9999-exec-9] com.jsh.erp.datasource.mappers.FunctionMapper.selectByExample - <==      Total: 14
2025/12/04-08:57:53 DEBUG [http-nio-9999-exec-9] com.jsh.erp.datasource.mappers.FunctionMapper.selectByExample - ==>  Preparing: SELECT id, number, name, parent_number, url, component, state, sort, enabled, type, push_btn, icon, delete_flag FROM jsh_function WHERE (enabled = ? AND parent_number = ? AND delete_flag <> ?) ORDER BY Sort 
2025/12/04-08:57:53 DEBUG [http-nio-9999-exec-9] com.jsh.erp.datasource.mappers.FunctionMapper.selectByExample - ==> Parameters: true(Boolean), 030113(String), 1(String)
2025/12/04-08:57:54 DEBUG [http-nio-9999-exec-9] com.jsh.erp.datasource.mappers.FunctionMapper.selectByExample - <==      Total: 0
2025/12/04-08:57:54 DEBUG [http-nio-9999-exec-9] com.jsh.erp.datasource.mappers.FunctionMapper.selectByExample - ==>  Preparing: SELECT id, number, name, parent_number, url, component, state, sort, enabled, type, push_btn, icon, delete_flag FROM jsh_function WHERE (enabled = ? AND parent_number = ? AND delete_flag <> ?) ORDER BY Sort 
2025/12/04-08:57:54 DEBUG [http-nio-9999-exec-9] com.jsh.erp.datasource.mappers.FunctionMapper.selectByExample - ==> Parameters: true(Boolean), 030102(String), 1(String)
2025/12/04-08:57:55 DEBUG [http-nio-9999-exec-9] com.jsh.erp.datasource.mappers.FunctionMapper.selectByExample - <==      Total: 0
2025/12/04-08:57:55 DEBUG [http-nio-9999-exec-9] com.jsh.erp.datasource.mappers.FunctionMapper.selectByExample - ==>  Preparing: SELECT id, number, name, parent_number, url, component, state, sort, enabled, type, push_btn, icon, delete_flag FROM jsh_function WHERE (enabled = ? AND parent_number = ? AND delete_flag <> ?) ORDER BY Sort 
2025/12/04-08:57:55 DEBUG [http-nio-9999-exec-9] com.jsh.erp.datasource.mappers.FunctionMapper.selectByExample - ==> Parameters: true(Boolean), 030105(String), 1(String)
2025/12/04-08:57:56 DEBUG [http-nio-9999-exec-9] com.jsh.erp.datasource.mappers.FunctionMapper.selectByExample - <==      Total: 0
2025/12/04-08:57:56 DEBUG [http-nio-9999-exec-9] com.jsh.erp.datasource.mappers.FunctionMapper.selectByExample - ==>  Preparing: SELECT id, number, name, parent_number, url, component, state, sort, enabled, type, push_btn, icon, delete_flag FROM jsh_function WHERE (enabled = ? AND parent_number = ? AND delete_flag <> ?) ORDER BY Sort 
2025/12/04-08:57:56 DEBUG [http-nio-9999-exec-9] com.jsh.erp.datasource.mappers.FunctionMapper.selectByExample - ==> Parameters: true(Boolean), 030103(String), 1(String)
2025/12/04-08:57:56 DEBUG [http-nio-9999-exec-9] com.jsh.erp.datasource.mappers.FunctionMapper.selectByExample - <==      Total: 0
2025/12/04-08:57:56 DEBUG [http-nio-9999-exec-9] com.jsh.erp.datasource.mappers.FunctionMapper.selectByExample - ==>  Preparing: SELECT id, number, name, parent_number, url, component, state, sort, enabled, type, push_btn, icon, delete_flag FROM jsh_function WHERE (enabled = ? AND parent_number = ? AND delete_flag <> ?) ORDER BY Sort 
2025/12/04-08:57:57 DEBUG [http-nio-9999-exec-9] com.jsh.erp.datasource.mappers.FunctionMapper.selectByExample - ==> Parameters: true(Boolean), 030104(String), 1(String)
2025/12/04-08:57:57 DEBUG [http-nio-9999-exec-9] com.jsh.erp.datasource.mappers.FunctionMapper.selectByExample - <==      Total: 0
2025/12/04-08:57:57 DEBUG [http-nio-9999-exec-9] com.jsh.erp.datasource.mappers.FunctionMapper.selectByExample - ==>  Preparing: SELECT id, number, name, parent_number, url, component, state, sort, enabled, type, push_btn, icon, delete_flag FROM jsh_function WHERE (enabled = ? AND parent_number = ? AND delete_flag <> ?) ORDER BY Sort 
2025/12/04-08:57:58 DEBUG [http-nio-9999-exec-9] com.jsh.erp.datasource.mappers.FunctionMapper.selectByExample - ==> Parameters: true(Boolean), 030106(String), 1(String)
2025/12/04-08:57:58 DEBUG [http-nio-9999-exec-9] com.jsh.erp.datasource.mappers.FunctionMapper.selectByExample - <==      Total: 0
2025/12/04-08:57:58 DEBUG [http-nio-9999-exec-9] com.jsh.erp.datasource.mappers.FunctionMapper.selectByExample - ==>  Preparing: SELECT id, number, name, parent_number, url, component, state, sort, enabled, type, push_btn, icon, delete_flag FROM jsh_function WHERE (enabled = ? AND parent_number = ? AND delete_flag <> ?) ORDER BY Sort 
2025/12/04-08:57:58 DEBUG [http-nio-9999-exec-9] com.jsh.erp.datasource.mappers.FunctionMapper.selectByExample - ==> Parameters: true(Boolean), 030107(String), 1(String)
2025/12/04-08:57:59 DEBUG [http-nio-9999-exec-9] com.jsh.erp.datasource.mappers.FunctionMapper.selectByExample - <==      Total: 0
2025/12/04-08:57:59 DEBUG [http-nio-9999-exec-9] com.jsh.erp.datasource.mappers.FunctionMapper.selectByExample - ==>  Preparing: SELECT id, number, name, parent_number, url, component, state, sort, enabled, type, push_btn, icon, delete_flag FROM jsh_function WHERE (enabled = ? AND parent_number = ? AND delete_flag <> ?) ORDER BY Sort 
2025/12/04-08:57:59 DEBUG [http-nio-9999-exec-9] com.jsh.erp.datasource.mappers.FunctionMapper.selectByExample - ==> Parameters: true(Boolean), 030150(String), 1(String)
2025/12/04-08:58:00 DEBUG [http-nio-9999-exec-9] com.jsh.erp.datasource.mappers.FunctionMapper.selectByExample - <==      Total: 0
2025/12/04-08:58:00 DEBUG [http-nio-9999-exec-9] com.jsh.erp.datasource.mappers.FunctionMapper.selectByExample - ==>  Preparing: SELECT id, number, name, parent_number, url, component, state, sort, enabled, type, push_btn, icon, delete_flag FROM jsh_function WHERE (enabled = ? AND parent_number = ? AND delete_flag <> ?) ORDER BY Sort 
2025/12/04-08:58:00 DEBUG [http-nio-9999-exec-9] com.jsh.erp.datasource.mappers.FunctionMapper.selectByExample - ==> Parameters: true(Boolean), 030108(String), 1(String)
2025/12/04-08:58:00 DEBUG [http-nio-9999-exec-9] com.jsh.erp.datasource.mappers.FunctionMapper.selectByExample - <==      Total: 0
2025/12/04-08:58:00 DEBUG [http-nio-9999-exec-9] com.jsh.erp.datasource.mappers.FunctionMapper.selectByExample - ==>  Preparing: SELECT id, number, name, parent_number, url, component, state, sort, enabled, type, push_btn, icon, delete_flag FROM jsh_function WHERE (enabled = ? AND parent_number = ? AND delete_flag <> ?) ORDER BY Sort 
2025/12/04-08:58:01 DEBUG [http-nio-9999-exec-9] com.jsh.erp.datasource.mappers.FunctionMapper.selectByExample - ==> Parameters: true(Boolean), 030109(String), 1(String)
2025/12/04-08:58:01 DEBUG [http-nio-9999-exec-9] com.jsh.erp.datasource.mappers.FunctionMapper.selectByExample - <==      Total: 0
2025/12/04-08:58:01 DEBUG [http-nio-9999-exec-9] com.jsh.erp.datasource.mappers.FunctionMapper.selectByExample - ==>  Preparing: SELECT id, number, name, parent_number, url, component, state, sort, enabled, type, push_btn, icon, delete_flag FROM jsh_function WHERE (enabled = ? AND parent_number = ? AND delete_flag <> ?) ORDER BY Sort 
2025/12/04-08:58:02 DEBUG [http-nio-9999-exec-9] com.jsh.erp.datasource.mappers.FunctionMapper.selectByExample - ==> Parameters: true(Boolean), 030101(String), 1(String)
2025/12/04-08:58:02 DEBUG [http-nio-9999-exec-9] com.jsh.erp.datasource.mappers.FunctionMapper.selectByExample - <==      Total: 0
2025/12/04-08:58:02 DEBUG [http-nio-9999-exec-9] com.jsh.erp.datasource.mappers.FunctionMapper.selectByExample - ==>  Preparing: SELECT id, number, name, parent_number, url, component, state, sort, enabled, type, push_btn, icon, delete_flag FROM jsh_function WHERE (enabled = ? AND parent_number = ? AND delete_flag <> ?) ORDER BY Sort 
2025/12/04-08:58:02 DEBUG [http-nio-9999-exec-9] com.jsh.erp.datasource.mappers.FunctionMapper.selectByExample - ==> Parameters: true(Boolean), 030110(String), 1(String)
2025/12/04-08:58:03 DEBUG [http-nio-9999-exec-9] com.jsh.erp.datasource.mappers.FunctionMapper.selectByExample - <==      Total: 0
2025/12/04-08:58:03 DEBUG [http-nio-9999-exec-9] com.jsh.erp.datasource.mappers.FunctionMapper.selectByExample - ==>  Preparing: SELECT id, number, name, parent_number, url, component, state, sort, enabled, type, push_btn, icon, delete_flag FROM jsh_function WHERE (enabled = ? AND parent_number = ? AND delete_flag <> ?) ORDER BY Sort 
2025/12/04-08:58:03 DEBUG [http-nio-9999-exec-9] com.jsh.erp.datasource.mappers.FunctionMapper.selectByExample - ==> Parameters: true(Boolean), 030111(String), 1(String)
2025/12/04-08:58:04 DEBUG [http-nio-9999-exec-9] com.jsh.erp.datasource.mappers.FunctionMapper.selectByExample - <==      Total: 0
2025/12/04-08:58:04 DEBUG [http-nio-9999-exec-9] com.jsh.erp.datasource.mappers.FunctionMapper.selectByExample - ==>  Preparing: SELECT id, number, name, parent_number, url, component, state, sort, enabled, type, push_btn, icon, delete_flag FROM jsh_function WHERE (enabled = ? AND parent_number = ? AND delete_flag <> ?) ORDER BY Sort 
2025/12/04-08:58:04 DEBUG [http-nio-9999-exec-9] com.jsh.erp.datasource.mappers.FunctionMapper.selectByExample - ==> Parameters: true(Boolean), 030112(String), 1(String)
2025/12/04-08:58:05 DEBUG [http-nio-9999-exec-9] com.jsh.erp.datasource.mappers.FunctionMapper.selectByExample - <==      Total: 0
2025/12/04-08:58:05 DEBUG [http-nio-9999-exec-9] com.jsh.erp.datasource.mappers.FunctionMapper.selectByExample - ==>  Preparing: SELECT id, number, name, parent_number, url, component, state, sort, enabled, type, push_btn, icon, delete_flag FROM jsh_function WHERE (enabled = ? AND parent_number = ? AND delete_flag <> ?) ORDER BY Sort 
2025/12/04-08:58:05 DEBUG [http-nio-9999-exec-9] com.jsh.erp.datasource.mappers.FunctionMapper.selectByExample - ==> Parameters: true(Boolean), 0101(String), 1(String)
2025/12/04-08:58:05 DEBUG [http-nio-9999-exec-9] com.jsh.erp.datasource.mappers.FunctionMapper.selectByExample - <==      Total: 4
2025/12/04-08:58:05 DEBUG [http-nio-9999-exec-9] com.jsh.erp.datasource.mappers.FunctionMapper.selectByExample - ==>  Preparing: SELECT id, number, name, parent_number, url, component, state, sort, enabled, type, push_btn, icon, delete_flag FROM jsh_function WHERE (enabled = ? AND parent_number = ? AND delete_flag <> ?) ORDER BY Sort 
2025/12/04-08:58:06 DEBUG [http-nio-9999-exec-9] com.jsh.erp.datasource.mappers.FunctionMapper.selectByExample - ==> Parameters: true(Boolean), 010101(String), 1(String)
2025/12/04-08:58:06 DEBUG [http-nio-9999-exec-9] com.jsh.erp.datasource.mappers.FunctionMapper.selectByExample - <==      Total: 0
2025/12/04-08:58:06 DEBUG [http-nio-9999-exec-9] com.jsh.erp.datasource.mappers.FunctionMapper.selectByExample - ==>  Preparing: SELECT id, number, name, parent_number, url, component, state, sort, enabled, type, push_btn, icon, delete_flag FROM jsh_function WHERE (enabled = ? AND parent_number = ? AND delete_flag <> ?) ORDER BY Sort 
2025/12/04-08:58:06 DEBUG [http-nio-9999-exec-9] com.jsh.erp.datasource.mappers.FunctionMapper.selectByExample - ==> Parameters: true(Boolean), 010102(String), 1(String)
2025/12/04-08:58:07 DEBUG [http-nio-9999-exec-9] com.jsh.erp.datasource.mappers.FunctionMapper.selectByExample - <==      Total: 0
2025/12/04-08:58:07 DEBUG [http-nio-9999-exec-9] com.jsh.erp.datasource.mappers.FunctionMapper.selectByExample - ==>  Preparing: SELECT id, number, name, parent_number, url, component, state, sort, enabled, type, push_btn, icon, delete_flag FROM jsh_function WHERE (enabled = ? AND parent_number = ? AND delete_flag <> ?) ORDER BY Sort 
2025/12/04-08:58:07 DEBUG [http-nio-9999-exec-9] com.jsh.erp.datasource.mappers.FunctionMapper.selectByExample - ==> Parameters: true(Boolean), 010103(String), 1(String)
2025/12/04-08:58:08 DEBUG [http-nio-9999-exec-9] com.jsh.erp.datasource.mappers.FunctionMapper.selectByExample - <==      Total: 0
2025/12/04-08:58:08 DEBUG [http-nio-9999-exec-9] com.jsh.erp.datasource.mappers.FunctionMapper.selectByExample - ==>  Preparing: SELECT id, number, name, parent_number, url, component, state, sort, enabled, type, push_btn, icon, delete_flag FROM jsh_function WHERE (enabled = ? AND parent_number = ? AND delete_flag <> ?) ORDER BY Sort 
2025/12/04-08:58:08 DEBUG [http-nio-9999-exec-9] com.jsh.erp.datasource.mappers.FunctionMapper.selectByExample - ==> Parameters: true(Boolean), 010105(String), 1(String)
2025/12/04-08:58:09 DEBUG [http-nio-9999-exec-9] com.jsh.erp.datasource.mappers.FunctionMapper.selectByExample - <==      Total: 0
2025/12/04-08:58:09 DEBUG [http-nio-9999-exec-9] com.jsh.erp.datasource.mappers.FunctionMapper.selectByExample - ==>  Preparing: SELECT id, number, name, parent_number, url, component, state, sort, enabled, type, push_btn, icon, delete_flag FROM jsh_function WHERE (enabled = ? AND parent_number = ? AND delete_flag <> ?) ORDER BY Sort 
2025/12/04-08:58:09 DEBUG [http-nio-9999-exec-9] com.jsh.erp.datasource.mappers.FunctionMapper.selectByExample - ==> Parameters: true(Boolean), 0102(String), 1(String)
2025/12/04-08:58:09 DEBUG [http-nio-9999-exec-9] com.jsh.erp.datasource.mappers.FunctionMapper.selectByExample - <==      Total: 7
2025/12/04-08:58:09 DEBUG [http-nio-9999-exec-9] com.jsh.erp.datasource.mappers.FunctionMapper.selectByExample - ==>  Preparing: SELECT id, number, name, parent_number, url, component, state, sort, enabled, type, push_btn, icon, delete_flag FROM jsh_function WHERE (enabled = ? AND parent_number = ? AND delete_flag <> ?) ORDER BY Sort 
2025/12/04-08:58:10 DEBUG [http-nio-9999-exec-9] com.jsh.erp.datasource.mappers.FunctionMapper.selectByExample - ==> Parameters: true(Boolean), 01020101(String), 1(String)
2025/12/04-08:58:10 DEBUG [http-nio-9999-exec-9] com.jsh.erp.datasource.mappers.FunctionMapper.selectByExample - <==      Total: 0
2025/12/04-08:58:10 DEBUG [http-nio-9999-exec-9] com.jsh.erp.datasource.mappers.FunctionMapper.selectByExample - ==>  Preparing: SELECT id, number, name, parent_number, url, component, state, sort, enabled, type, push_btn, icon, delete_flag FROM jsh_function WHERE (enabled = ? AND parent_number = ? AND delete_flag <> ?) ORDER BY Sort 
2025/12/04-08:58:10 DEBUG [http-nio-9999-exec-9] com.jsh.erp.datasource.mappers.FunctionMapper.selectByExample - ==> Parameters: true(Boolean), 01020102(String), 1(String)
2025/12/04-08:58:11 DEBUG [http-nio-9999-exec-9] com.jsh.erp.datasource.mappers.FunctionMapper.selectByExample - <==      Total: 0
2025/12/04-08:58:11 DEBUG [http-nio-9999-exec-9] com.jsh.erp.datasource.mappers.FunctionMapper.selectByExample - ==>  Preparing: SELECT id, number, name, parent_number, url, component, state, sort, enabled, type, push_btn, icon, delete_flag FROM jsh_function WHERE (enabled = ? AND parent_number = ? AND delete_flag <> ?) ORDER BY Sort 
2025/12/04-08:58:11 DEBUG [http-nio-9999-exec-9] com.jsh.erp.datasource.mappers.FunctionMapper.selectByExample - ==> Parameters: true(Boolean), 01020103(String), 1(String)
2025/12/04-08:58:12 DEBUG [http-nio-9999-exec-9] com.jsh.erp.datasource.mappers.FunctionMapper.selectByExample - <==      Total: 0
2025/12/04-08:58:12 DEBUG [http-nio-9999-exec-9] com.jsh.erp.datasource.mappers.FunctionMapper.selectByExample - ==>  Preparing: SELECT id, number, name, parent_number, url, component, state, sort, enabled, type, push_btn, icon, delete_flag FROM jsh_function WHERE (enabled = ? AND parent_number = ? AND delete_flag <> ?) ORDER BY Sort 
2025/12/04-08:58:12 DEBUG [http-nio-9999-exec-9] com.jsh.erp.datasource.mappers.FunctionMapper.selectByExample - ==> Parameters: true(Boolean), 010202(String), 1(String)
2025/12/04-08:58:13 DEBUG [http-nio-9999-exec-9] com.jsh.erp.datasource.mappers.FunctionMapper.selectByExample - <==      Total: 0
2025/12/04-08:58:13 DEBUG [http-nio-9999-exec-9] com.jsh.erp.datasource.mappers.FunctionMapper.selectByExample - ==>  Preparing: SELECT id, number, name, parent_number, url, component, state, sort, enabled, type, push_btn, icon, delete_flag FROM jsh_function WHERE (enabled = ? AND parent_number = ? AND delete_flag <> ?) ORDER BY Sort 
2025/12/04-08:58:13 DEBUG [http-nio-9999-exec-9] com.jsh.erp.datasource.mappers.FunctionMapper.selectByExample - ==> Parameters: true(Boolean), 010204(String), 1(String)
2025/12/04-08:58:13 DEBUG [http-nio-9999-exec-9] com.jsh.erp.datasource.mappers.FunctionMapper.selectByExample - <==      Total: 0
2025/12/04-08:58:13 DEBUG [http-nio-9999-exec-9] com.jsh.erp.datasource.mappers.FunctionMapper.selectByExample - ==>  Preparing: SELECT id, number, name, parent_number, url, component, state, sort, enabled, type, push_btn, icon, delete_flag FROM jsh_function WHERE (enabled = ? AND parent_number = ? AND delete_flag <> ?) ORDER BY Sort 
2025/12/04-08:58:14 DEBUG [http-nio-9999-exec-9] com.jsh.erp.datasource.mappers.FunctionMapper.selectByExample - ==> Parameters: true(Boolean), 010205(String), 1(String)
2025/12/04-08:58:14 DEBUG [http-nio-9999-exec-9] com.jsh.erp.datasource.mappers.FunctionMapper.selectByExample - <==      Total: 0
2025/12/04-08:58:14 DEBUG [http-nio-9999-exec-9] com.jsh.erp.datasource.mappers.FunctionMapper.selectByExample - ==>  Preparing: SELECT id, number, name, parent_number, url, component, state, sort, enabled, type, push_btn, icon, delete_flag FROM jsh_function WHERE (enabled = ? AND parent_number = ? AND delete_flag <> ?) ORDER BY Sort 
2025/12/04-08:58:15 DEBUG [http-nio-9999-exec-9] com.jsh.erp.datasource.mappers.FunctionMapper.selectByExample - ==> Parameters: true(Boolean), 010206(String), 1(String)
2025/12/04-08:58:15 DEBUG [http-nio-9999-exec-9] com.jsh.erp.datasource.mappers.FunctionMapper.selectByExample - <==      Total: 0
2025/12/04-08:58:15 DEBUG [http-nio-9999-exec-9] com.jsh.erp.datasource.mappers.FunctionMapper.selectByExample - ==>  Preparing: SELECT id, number, name, parent_number, url, component, state, sort, enabled, type, push_btn, icon, delete_flag FROM jsh_function WHERE (enabled = ? AND parent_number = ? AND delete_flag <> ?) ORDER BY Sort 
2025/12/04-08:58:15 DEBUG [http-nio-9999-exec-9] com.jsh.erp.datasource.mappers.FunctionMapper.selectByExample - ==> Parameters: true(Boolean), 0001(String), 1(String)
2025/12/04-08:58:16 DEBUG [http-nio-9999-exec-9] com.jsh.erp.datasource.mappers.FunctionMapper.selectByExample - <==      Total: 10
2025/12/04-08:58:16 DEBUG [http-nio-9999-exec-9] com.jsh.erp.datasource.mappers.FunctionMapper.selectByExample - ==>  Preparing: SELECT id, number, name, parent_number, url, component, state, sort, enabled, type, push_btn, icon, delete_flag FROM jsh_function WHERE (enabled = ? AND parent_number = ? AND delete_flag <> ?) ORDER BY Sort 
2025/12/04-08:58:16 DEBUG [http-nio-9999-exec-9] com.jsh.erp.datasource.mappers.FunctionMapper.selectByExample - ==> Parameters: true(Boolean), 000102(String), 1(String)
2025/12/04-08:58:17 DEBUG [http-nio-9999-exec-9] com.jsh.erp.datasource.mappers.FunctionMapper.selectByExample - <==      Total: 0
2025/12/04-08:58:17 DEBUG [http-nio-9999-exec-9] com.jsh.erp.datasource.mappers.FunctionMapper.selectByExample - ==>  Preparing: SELECT id, number, name, parent_number, url, component, state, sort, enabled, type, push_btn, icon, delete_flag FROM jsh_function WHERE (enabled = ? AND parent_number = ? AND delete_flag <> ?) ORDER BY Sort 
2025/12/04-08:58:17 DEBUG [http-nio-9999-exec-9] com.jsh.erp.datasource.mappers.FunctionMapper.selectByExample - ==> Parameters: true(Boolean), 000103(String), 1(String)
2025/12/04-08:58:17 DEBUG [http-nio-9999-exec-9] com.jsh.erp.datasource.mappers.FunctionMapper.selectByExample - <==      Total: 0
2025/12/04-08:58:17 DEBUG [http-nio-9999-exec-9] com.jsh.erp.datasource.mappers.FunctionMapper.selectByExample - ==>  Preparing: SELECT id, number, name, parent_number, url, component, state, sort, enabled, type, push_btn, icon, delete_flag FROM jsh_function WHERE (enabled = ? AND parent_number = ? AND delete_flag <> ?) ORDER BY Sort 
2025/12/04-08:58:18 DEBUG [http-nio-9999-exec-9] com.jsh.erp.datasource.mappers.FunctionMapper.selectByExample - ==> Parameters: true(Boolean), 000108(String), 1(String)
2025/12/04-08:58:18 DEBUG [http-nio-9999-exec-9] com.jsh.erp.datasource.mappers.FunctionMapper.selectByExample - <==      Total: 0
2025/12/04-08:58:18 DEBUG [http-nio-9999-exec-9] com.jsh.erp.datasource.mappers.FunctionMapper.selectByExample - ==>  Preparing: SELECT id, number, name, parent_number, url, component, state, sort, enabled, type, push_btn, icon, delete_flag FROM jsh_function WHERE (enabled = ? AND parent_number = ? AND delete_flag <> ?) ORDER BY Sort 
2025/12/04-08:58:19 DEBUG [http-nio-9999-exec-9] com.jsh.erp.datasource.mappers.FunctionMapper.selectByExample - ==> Parameters: true(Boolean), 000104(String), 1(String)
2025/12/04-08:58:19 DEBUG [http-nio-9999-exec-9] com.jsh.erp.datasource.mappers.FunctionMapper.selectByExample - <==      Total: 0
2025/12/04-08:58:19 DEBUG [http-nio-9999-exec-9] com.jsh.erp.datasource.mappers.FunctionMapper.selectByExample - ==>  Preparing: SELECT id, number, name, parent_number, url, component, state, sort, enabled, type, push_btn, icon, delete_flag FROM jsh_function WHERE (enabled = ? AND parent_number = ? AND delete_flag <> ?) ORDER BY Sort 
2025/12/04-08:58:19 DEBUG [http-nio-9999-exec-2] com.jsh.erp.datasource.mappers.PlatformConfigMapper.selectByExample - ==>  Preparing: SELECT id, platform_key, platform_key_info, platform_value FROM jsh_platform_config WHERE (platform_key = ?) 
2025/12/04-08:58:19 DEBUG [http-nio-9999-exec-2] com.jsh.erp.datasource.mappers.PlatformConfigMapper.selectByExample - ==> Parameters: checkcode_flag(String)
2025/12/04-08:58:19 DEBUG [http-nio-9999-exec-9] com.jsh.erp.datasource.mappers.FunctionMapper.selectByExample - ==> Parameters: true(Boolean), 000106(String), 1(String)
2025/12/04-08:58:20 DEBUG [http-nio-9999-exec-2] com.jsh.erp.datasource.mappers.PlatformConfigMapper.selectByExample - <==      Total: 1
2025/12/04-08:58:20 DEBUG [http-nio-9999-exec-2] com.jsh.erp.datasource.mappers.UserMapper.selectByExample - ==>  Preparing: SELECT id, username, login_name, password, leader_flag, position, department, email, phonenum, ismanager, isystem, status, description, remark, weixin_open_id, tenant_id, delete_flag FROM jsh_user WHERE (login_name = ? AND delete_flag <> ?) 
2025/12/04-08:58:20 DEBUG [http-nio-9999-exec-9] com.jsh.erp.datasource.mappers.FunctionMapper.selectByExample - <==      Total: 0
2025/12/04-08:58:20 DEBUG [http-nio-9999-exec-9] com.jsh.erp.datasource.mappers.FunctionMapper.selectByExample - ==>  Preparing: SELECT id, number, name, parent_number, url, component, state, sort, enabled, type, push_btn, icon, delete_flag FROM jsh_function WHERE (enabled = ? AND parent_number = ? AND delete_flag <> ?) ORDER BY Sort 
2025/12/04-08:58:20 DEBUG [http-nio-9999-exec-2] com.jsh.erp.datasource.mappers.UserMapper.selectByExample - ==> Parameters: jsh(String), 1(String)
2025/12/04-08:58:20 DEBUG [http-nio-9999-exec-9] com.jsh.erp.datasource.mappers.FunctionMapper.selectByExample - ==> Parameters: true(Boolean), 000105(String), 1(String)
2025/12/04-08:58:21 DEBUG [http-nio-9999-exec-2] com.jsh.erp.datasource.mappers.UserMapper.selectByExample - <==      Total: 1
2025/12/04-08:58:21 DEBUG [http-nio-9999-exec-2] com.jsh.erp.datasource.mappers.TenantMapper.selectByExample - ==>  Preparing: SELECT id, tenant_id, login_name, user_num_limit, type, enabled, create_time, expire_time, remark, delete_flag FROM jsh_tenant WHERE (tenant_id = ? AND delete_flag <> ?) 
2025/12/04-08:58:21 DEBUG [http-nio-9999-exec-9] com.jsh.erp.datasource.mappers.FunctionMapper.selectByExample - <==      Total: 0
2025/12/04-08:58:21 DEBUG [http-nio-9999-exec-9] com.jsh.erp.datasource.mappers.FunctionMapper.selectByExample - ==>  Preparing: SELECT id, number, name, parent_number, url, component, state, sort, enabled, type, push_btn, icon, delete_flag FROM jsh_function WHERE (enabled = ? AND parent_number = ? AND delete_flag <> ?) ORDER BY Sort 
2025/12/04-08:58:21 DEBUG [http-nio-9999-exec-2] com.jsh.erp.datasource.mappers.TenantMapper.selectByExample - ==> Parameters: 63(Long), 1(String)
2025/12/04-08:58:21 DEBUG [http-nio-9999-exec-9] com.jsh.erp.datasource.mappers.FunctionMapper.selectByExample - ==> Parameters: true(Boolean), 000105(String), 1(String)
2025/12/04-08:58:22 DEBUG [http-nio-9999-exec-2] com.jsh.erp.datasource.mappers.TenantMapper.selectByExample - <==      Total: 1
2025/12/04-08:58:22 DEBUG [http-nio-9999-exec-2] com.jsh.erp.datasource.mappers.UserMapper.selectByExample - ==>  Preparing: SELECT id, username, login_name, password, leader_flag, position, department, email, phonenum, ismanager, isystem, status, description, remark, weixin_open_id, tenant_id, delete_flag FROM jsh_user WHERE (login_name = ? AND password = ? AND status = ? AND delete_flag <> ?) 
2025/12/04-08:58:22 DEBUG [http-nio-9999-exec-9] com.jsh.erp.datasource.mappers.FunctionMapper.selectByExample - <==      Total: 0
2025/12/04-08:58:22 DEBUG [http-nio-9999-exec-9] com.jsh.erp.datasource.mappers.FunctionMapper.selectByExample - ==>  Preparing: SELECT id, number, name, parent_number, url, component, state, sort, enabled, type, push_btn, icon, delete_flag FROM jsh_function WHERE (enabled = ? AND parent_number = ? AND delete_flag <> ?) ORDER BY Sort 
2025/12/04-08:58:22 DEBUG [http-nio-9999-exec-2] com.jsh.erp.datasource.mappers.UserMapper.selectByExample - ==> Parameters: jsh(String), e10adc3949ba59abbe56e057f20f883e(String), 0(Byte), 1(String)
2025/12/04-08:58:22 DEBUG [http-nio-9999-exec-9] com.jsh.erp.datasource.mappers.FunctionMapper.selectByExample - ==> Parameters: true(Boolean), 000109(String), 1(String)
2025/12/04-08:58:22 DEBUG [http-nio-9999-exec-2] com.jsh.erp.datasource.mappers.UserMapper.selectByExample - <==      Total: 1
2025/12/04-08:58:22 DEBUG [http-nio-9999-exec-2] com.jsh.erp.datasource.mappers.UserMapper.selectByExample - ==>  Preparing: SELECT id, username, login_name, password, leader_flag, position, department, email, phonenum, ismanager, isystem, status, description, remark, weixin_open_id, tenant_id, delete_flag FROM jsh_user WHERE (login_name = ? AND status = ? AND delete_flag <> ?) 
2025/12/04-08:58:22 DEBUG [http-nio-9999-exec-9] com.jsh.erp.datasource.mappers.FunctionMapper.selectByExample - <==      Total: 0
2025/12/04-08:58:22 DEBUG [http-nio-9999-exec-9] com.jsh.erp.datasource.mappers.FunctionMapper.selectByExample - ==>  Preparing: SELECT id, number, name, parent_number, url, component, state, sort, enabled, type, push_btn, icon, delete_flag FROM jsh_function WHERE (enabled = ? AND parent_number = ? AND delete_flag <> ?) ORDER BY Sort 
2025/12/04-08:58:23 DEBUG [http-nio-9999-exec-2] com.jsh.erp.datasource.mappers.UserMapper.selectByExample - ==> Parameters: jsh(String), 0(Byte), 1(String)
2025/12/04-08:58:23 DEBUG [http-nio-9999-exec-9] com.jsh.erp.datasource.mappers.FunctionMapper.selectByExample - ==> Parameters: true(Boolean), 000107(String), 1(String)
2025/12/04-08:58:23 DEBUG [http-nio-9999-exec-2] com.jsh.erp.datasource.mappers.UserMapper.selectByExample - <==      Total: 1
2025/12/04-08:58:23 DEBUG [http-nio-9999-exec-2] com.jsh.erp.datasource.mappers.LogMapperEx.insertLogWithUserId - ==>  Preparing: insert into jsh_log (user_id, operation, client_ip, create_time, status, content, tenant_id) values (?, ?, ?, ?, ?, ?, ?) 
2025/12/04-08:58:23 DEBUG [http-nio-9999-exec-9] com.jsh.erp.datasource.mappers.FunctionMapper.selectByExample - <==      Total: 0
2025/12/04-08:58:23 DEBUG [http-nio-9999-exec-9] com.jsh.erp.datasource.mappers.FunctionMapper.selectByExample - ==>  Preparing: SELECT id, number, name, parent_number, url, component, state, sort, enabled, type, push_btn, icon, delete_flag FROM jsh_function WHERE (enabled = ? AND parent_number = ? AND delete_flag <> ?) ORDER BY Sort 
2025/12/04-08:58:23 DEBUG [http-nio-9999-exec-2] com.jsh.erp.datasource.mappers.LogMapperEx.insertLogWithUserId - ==> Parameters: 63(Long), 用户(String), 192.168.0.91/192.168.0.91(String), 2025-12-04 08:58:23.603(Timestamp), 0(Byte), 登录jsh(String), 63(Long)
2025/12/04-08:58:23 DEBUG [http-nio-9999-exec-9] com.jsh.erp.datasource.mappers.FunctionMapper.selectByExample - ==> Parameters: true(Boolean), 000112(String), 1(String)
2025/12/04-08:58:24 DEBUG [http-nio-9999-exec-9] com.jsh.erp.datasource.mappers.FunctionMapper.selectByExample - <==      Total: 0
2025/12/04-08:58:24 DEBUG [http-nio-9999-exec-2] com.jsh.erp.datasource.mappers.LogMapperEx.insertLogWithUserId - <==    Updates: 1
2025/12/04-08:58:24 DEBUG [http-nio-9999-exec-6] com.jsh.erp.datasource.mappers.UserBusinessMapperEx.getBasicDataByKeyIdAndType - ==>  Preparing: select * from jsh_user_business where key_id=? and type=? and ifnull(delete_flag,'0') !='1' 
2025/12/04-08:58:24 DEBUG [http-nio-9999-exec-8] com.jsh.erp.datasource.mappers.PlatformConfigMapper.selectByExample - ==>  Preparing: SELECT id, platform_key, platform_key_info, platform_value FROM jsh_platform_config WHERE (platform_key = ?) 
2025/12/04-08:58:24 DEBUG [http-nio-9999-exec-6] com.jsh.erp.datasource.mappers.UserBusinessMapperEx.getBasicDataByKeyIdAndType - ==> Parameters: 63(String), UserRole(String)
2025/12/04-08:58:24 DEBUG [http-nio-9999-exec-7] com.jsh.erp.datasource.mappers.UserMapper.selectByPrimaryKey - ==>  Preparing: SELECT id, username, login_name, password, leader_flag, position, department, email, phonenum, ismanager, isystem, status, description, remark, weixin_open_id, tenant_id, delete_flag FROM jsh_user WHERE jsh_user.tenant_id = 63 AND id = ? 
2025/12/04-08:58:24 DEBUG [http-nio-9999-exec-5] com.jsh.erp.datasource.mappers.MaterialPropertyMapper.selectByExample - ==>  Preparing: SELECT id, native_name, enabled, sort, another_name, tenant_id, delete_flag FROM jsh_material_property WHERE jsh_material_property.tenant_id = 63 AND (delete_flag <> ?) 
2025/12/04-08:58:25 DEBUG [http-nio-9999-exec-8] com.jsh.erp.datasource.mappers.PlatformConfigMapper.selectByExample - ==> Parameters: bill_excel_url(String)
2025/12/04-08:58:25 DEBUG [http-nio-9999-exec-7] com.jsh.erp.datasource.mappers.UserMapper.selectByPrimaryKey - ==> Parameters: 63(Long)
2025/12/04-08:58:25 DEBUG [http-nio-9999-exec-5] com.jsh.erp.datasource.mappers.MaterialPropertyMapper.selectByExample - ==> Parameters: 1(String)
2025/12/04-08:58:25 DEBUG [http-nio-9999-exec-6] com.jsh.erp.datasource.mappers.UserBusinessMapperEx.getBasicDataByKeyIdAndType - <==      Total: 1
2025/12/04-08:58:25 DEBUG [http-nio-9999-exec-6] com.jsh.erp.datasource.mappers.UserBusinessMapperEx.getBasicDataByKeyIdAndType - ==>  Preparing: select * from jsh_user_business where key_id=? and type=? and ifnull(delete_flag,'0') !='1' 
2025/12/04-08:58:25 DEBUG [http-nio-9999-exec-8] com.jsh.erp.datasource.mappers.PlatformConfigMapper.selectByExample - <==      Total: 1
2025/12/04-08:58:25 DEBUG [http-nio-9999-exec-7] com.jsh.erp.datasource.mappers.UserMapper.selectByPrimaryKey - <==      Total: 1
2025/12/04-08:58:25 DEBUG [http-nio-9999-exec-6] com.jsh.erp.datasource.mappers.UserBusinessMapperEx.getBasicDataByKeyIdAndType - ==> Parameters: 10(String), RoleFunctions(String)
2025/12/04-08:58:25 DEBUG [http-nio-9999-exec-7] com.jsh.erp.datasource.mappers.UserMapper.selectByExample - ==>  Preparing: SELECT id, username, login_name, password, leader_flag, position, department, email, phonenum, ismanager, isystem, status, description, remark, weixin_open_id, tenant_id, delete_flag FROM jsh_user WHERE jsh_user.tenant_id = 63 AND (status = ? AND delete_flag <> ?) 
2025/12/04-08:58:25 DEBUG [http-nio-9999-exec-5] com.jsh.erp.datasource.mappers.MaterialPropertyMapper.selectByExample - <==      Total: 0
2025/12/04-08:58:25 DEBUG [http-nio-9999-exec-7] com.jsh.erp.datasource.mappers.UserMapper.selectByExample - ==> Parameters: 0(Byte), 1(String)
2025/12/04-08:58:26 DEBUG [http-nio-9999-exec-6] com.jsh.erp.datasource.mappers.UserBusinessMapperEx.getBasicDataByKeyIdAndType - <==      Total: 1
2025/12/04-08:58:26 DEBUG [http-nio-9999-exec-6] com.jsh.erp.datasource.mappers.SystemConfigMapper.selectByExample - ==>  Preparing: SELECT id, company_name, company_contacts, company_address, company_tel, company_fax, company_post_code, sale_agreement, depot_flag, customer_flag, minus_stock_flag, purchase_by_sale_flag, multi_level_approval_flag, multi_bill_type, force_approval_flag, update_unit_price_flag, over_link_bill_flag, in_out_manage_flag, multi_account_flag, move_avg_price_flag, audit_print_flag, zero_change_amount_flag, customer_static_price_flag, tenant_id, delete_flag FROM jsh_system_config WHERE jsh_system_config.tenant_id = 63 AND (delete_flag <> ?) 
2025/12/04-08:58:26 DEBUG [http-nio-9999-exec-7] com.jsh.erp.datasource.mappers.UserMapper.selectByExample - <==      Total: 2
2025/12/04-08:58:26 DEBUG [http-nio-9999-exec-7] com.jsh.erp.datasource.mappers.TenantMapper.selectByExample - ==>  Preparing: SELECT id, tenant_id, login_name, user_num_limit, type, enabled, create_time, expire_time, remark, delete_flag FROM jsh_tenant WHERE (tenant_id = ? AND delete_flag <> ?) 
2025/12/04-08:58:26 DEBUG [http-nio-9999-exec-6] com.jsh.erp.datasource.mappers.SystemConfigMapper.selectByExample - ==> Parameters: 1(String)
2025/12/04-08:58:26 DEBUG [http-nio-9999-exec-7] com.jsh.erp.datasource.mappers.TenantMapper.selectByExample - ==> Parameters: 63(Long), 1(String)
2025/12/04-08:58:26 DEBUG [http-nio-9999-exec-6] com.jsh.erp.datasource.mappers.SystemConfigMapper.selectByExample - <==      Total: 1
2025/12/04-08:58:26 DEBUG [http-nio-9999-exec-6] com.jsh.erp.datasource.mappers.FunctionMapper.selectByExample - ==>  Preparing: SELECT id, number, name, parent_number, url, component, state, sort, enabled, type, push_btn, icon, delete_flag FROM jsh_function WHERE (enabled = ? AND parent_number = ? AND delete_flag <> ?) ORDER BY Sort 
2025/12/04-08:58:27 DEBUG [http-nio-9999-exec-7] com.jsh.erp.datasource.mappers.TenantMapper.selectByExample - <==      Total: 1
2025/12/04-08:58:27 DEBUG [http-nio-9999-exec-6] com.jsh.erp.datasource.mappers.FunctionMapper.selectByExample - ==> Parameters: true(Boolean), 0(String), 1(String)
2025/12/04-08:58:27 DEBUG [http-nio-9999-exec-6] com.jsh.erp.datasource.mappers.FunctionMapper.selectByExample - <==      Total: 9
2025/12/04-08:58:27 DEBUG [http-nio-9999-exec-6] com.jsh.erp.datasource.mappers.UserMapper.selectByPrimaryKey - ==>  Preparing: SELECT id, username, login_name, password, leader_flag, position, department, email, phonenum, ismanager, isystem, status, description, remark, weixin_open_id, tenant_id, delete_flag FROM jsh_user WHERE jsh_user.tenant_id = 63 AND id = ? 
2025/12/04-08:58:28 DEBUG [http-nio-9999-exec-6] com.jsh.erp.datasource.mappers.UserMapper.selectByPrimaryKey - ==> Parameters: 63(Long)
2025/12/04-08:58:28 DEBUG [http-nio-9999-exec-6] com.jsh.erp.datasource.mappers.UserMapper.selectByPrimaryKey - <==      Total: 1
2025/12/04-08:58:28 DEBUG [http-nio-9999-exec-6] com.jsh.erp.datasource.mappers.UserMapper.selectByPrimaryKey - ==>  Preparing: SELECT id, username, login_name, password, leader_flag, position, department, email, phonenum, ismanager, isystem, status, description, remark, weixin_open_id, tenant_id, delete_flag FROM jsh_user WHERE jsh_user.tenant_id = 63 AND id = ? 
2025/12/04-08:58:28 DEBUG [http-nio-9999-exec-6] com.jsh.erp.datasource.mappers.UserMapper.selectByPrimaryKey - ==> Parameters: 63(Long)
2025/12/04-08:58:29 DEBUG [http-nio-9999-exec-6] com.jsh.erp.datasource.mappers.UserMapper.selectByPrimaryKey - <==      Total: 1
2025/12/04-08:58:29 DEBUG [http-nio-9999-exec-6] com.jsh.erp.datasource.mappers.UserBusinessMapperEx.getBasicDataByKeyIdAndType - ==>  Preparing: select * from jsh_user_business where key_id=? and type=? and ifnull(delete_flag,'0') !='1' 
2025/12/04-08:58:29 DEBUG [http-nio-9999-exec-6] com.jsh.erp.datasource.mappers.UserBusinessMapperEx.getBasicDataByKeyIdAndType - ==> Parameters: 63(String), UserRole(String)
2025/12/04-08:58:30 DEBUG [http-nio-9999-exec-6] com.jsh.erp.datasource.mappers.UserBusinessMapperEx.getBasicDataByKeyIdAndType - <==      Total: 1
2025/12/04-08:58:30 DEBUG [http-nio-9999-exec-6] com.jsh.erp.datasource.mappers.UserBusinessMapperEx.getBasicDataByKeyIdAndType - ==>  Preparing: select * from jsh_user_business where key_id=? and type=? and ifnull(delete_flag,'0') !='1' 
2025/12/04-08:58:30 DEBUG [http-nio-9999-exec-6] com.jsh.erp.datasource.mappers.UserBusinessMapperEx.getBasicDataByKeyIdAndType - ==> Parameters: 10(String), RoleFunctions(String)
2025/12/04-08:58:31 DEBUG [http-nio-9999-exec-6] com.jsh.erp.datasource.mappers.UserBusinessMapperEx.getBasicDataByKeyIdAndType - <==      Total: 1
2025/12/04-08:58:31 DEBUG [http-nio-9999-exec-6] com.jsh.erp.datasource.mappers.FunctionMapper.selectByExample - ==>  Preparing: SELECT id, number, name, parent_number, url, component, state, sort, enabled, type, push_btn, icon, delete_flag FROM jsh_function WHERE (enabled = ? AND parent_number = ? AND delete_flag <> ?) ORDER BY Sort 
2025/12/04-08:58:33 DEBUG [http-nio-9999-exec-6] com.jsh.erp.datasource.mappers.FunctionMapper.selectByExample - ==> Parameters: true(Boolean), 0401(String), 1(String)
2025/12/04-08:58:33 DEBUG [http-nio-9999-exec-6] com.jsh.erp.datasource.mappers.FunctionMapper.selectByExample - <==      Total: 2
2025/12/04-08:58:33 DEBUG [http-nio-9999-exec-6] com.jsh.erp.datasource.mappers.FunctionMapper.selectByExample - ==>  Preparing: SELECT id, number, name, parent_number, url, component, state, sort, enabled, type, push_btn, icon, delete_flag FROM jsh_function WHERE (enabled = ? AND parent_number = ? AND delete_flag <> ?) ORDER BY Sort 
2025/12/04-08:58:34 DEBUG [http-nio-9999-exec-6] com.jsh.erp.datasource.mappers.FunctionMapper.selectByExample - ==> Parameters: true(Boolean), 040102(String), 1(String)
2025/12/04-08:58:34 DEBUG [http-nio-9999-exec-6] com.jsh.erp.datasource.mappers.FunctionMapper.selectByExample - <==      Total: 0
2025/12/04-08:58:34 DEBUG [http-nio-9999-exec-6] com.jsh.erp.datasource.mappers.FunctionMapper.selectByExample - ==>  Preparing: SELECT id, number, name, parent_number, url, component, state, sort, enabled, type, push_btn, icon, delete_flag FROM jsh_function WHERE (enabled = ? AND parent_number = ? AND delete_flag <> ?) ORDER BY Sort 
2025/12/04-08:58:35 DEBUG [http-nio-9999-exec-6] com.jsh.erp.datasource.mappers.FunctionMapper.selectByExample - ==> Parameters: true(Boolean), 040104(String), 1(String)
2025/12/04-08:58:35 DEBUG [http-nio-9999-exec-6] com.jsh.erp.datasource.mappers.FunctionMapper.selectByExample - <==      Total: 0
2025/12/04-08:58:35 DEBUG [http-nio-9999-exec-6] com.jsh.erp.datasource.mappers.FunctionMapper.selectByExample - ==>  Preparing: SELECT id, number, name, parent_number, url, component, state, sort, enabled, type, push_btn, icon, delete_flag FROM jsh_function WHERE (enabled = ? AND parent_number = ? AND delete_flag <> ?) ORDER BY Sort 
2025/12/04-08:58:35 DEBUG [http-nio-9999-exec-6] com.jsh.erp.datasource.mappers.FunctionMapper.selectByExample - ==> Parameters: true(Boolean), 0502(String), 1(String)
2025/12/04-08:58:36 DEBUG [http-nio-9999-exec-6] com.jsh.erp.datasource.mappers.FunctionMapper.selectByExample - <==      Total: 4
2025/12/04-08:58:36 DEBUG [http-nio-9999-exec-6] com.jsh.erp.datasource.mappers.FunctionMapper.selectByExample - ==>  Preparing: SELECT id, number, name, parent_number, url, component, state, sort, enabled, type, push_btn, icon, delete_flag FROM jsh_function WHERE (enabled = ? AND parent_number = ? AND delete_flag <> ?) ORDER BY Sort 
2025/12/04-08:58:36 DEBUG [http-nio-9999-exec-6] com.jsh.erp.datasource.mappers.FunctionMapper.selectByExample - ==> Parameters: true(Boolean), 050203(String), 1(String)
2025/12/04-08:58:37 DEBUG [http-nio-9999-exec-6] com.jsh.erp.datasource.mappers.FunctionMapper.selectByExample - <==      Total: 0
2025/12/04-08:58:37 DEBUG [http-nio-9999-exec-6] com.jsh.erp.datasource.mappers.FunctionMapper.selectByExample - ==>  Preparing: SELECT id, number, name, parent_number, url, component, state, sort, enabled, type, push_btn, icon, delete_flag FROM jsh_function WHERE (enabled = ? AND parent_number = ? AND delete_flag <> ?) ORDER BY Sort 
2025/12/04-08:58:37 DEBUG [http-nio-9999-exec-6] com.jsh.erp.datasource.mappers.FunctionMapper.selectByExample - ==> Parameters: true(Boolean), 050202(String), 1(String)
2025/12/04-08:58:38 DEBUG [http-nio-9999-exec-6] com.jsh.erp.datasource.mappers.FunctionMapper.selectByExample - <==      Total: 0
2025/12/04-08:58:38 DEBUG [http-nio-9999-exec-6] com.jsh.erp.datasource.mappers.FunctionMapper.selectByExample - ==>  Preparing: SELECT id, number, name, parent_number, url, component, state, sort, enabled, type, push_btn, icon, delete_flag FROM jsh_function WHERE (enabled = ? AND parent_number = ? AND delete_flag <> ?) ORDER BY Sort 
2025/12/04-08:58:38 DEBUG [http-nio-9999-exec-6] com.jsh.erp.datasource.mappers.FunctionMapper.selectByExample - ==> Parameters: true(Boolean), 050201(String), 1(String)
2025/12/04-08:58:38 DEBUG [http-nio-9999-exec-6] com.jsh.erp.datasource.mappers.FunctionMapper.selectByExample - <==      Total: 0
2025/12/04-08:58:38 DEBUG [http-nio-9999-exec-6] com.jsh.erp.datasource.mappers.FunctionMapper.selectByExample - ==>  Preparing: SELECT id, number, name, parent_number, url, component, state, sort, enabled, type, push_btn, icon, delete_flag FROM jsh_function WHERE (enabled = ? AND parent_number = ? AND delete_flag <> ?) ORDER BY Sort 
2025/12/04-08:58:39 DEBUG [http-nio-9999-exec-6] com.jsh.erp.datasource.mappers.FunctionMapper.selectByExample - ==> Parameters: true(Boolean), 050204(String), 1(String)
2025/12/04-08:58:39 DEBUG [http-nio-9999-exec-6] com.jsh.erp.datasource.mappers.FunctionMapper.selectByExample - <==      Total: 0
2025/12/04-08:58:39 DEBUG [http-nio-9999-exec-6] com.jsh.erp.datasource.mappers.FunctionMapper.selectByExample - ==>  Preparing: SELECT id, number, name, parent_number, url, component, state, sort, enabled, type, push_btn, icon, delete_flag FROM jsh_function WHERE (enabled = ? AND parent_number = ? AND delete_flag <> ?) ORDER BY Sort 
2025/12/04-08:58:39 DEBUG [http-nio-9999-exec-6] com.jsh.erp.datasource.mappers.FunctionMapper.selectByExample - ==> Parameters: true(Boolean), 0603(String), 1(String)
2025/12/04-08:58:40 DEBUG [http-nio-9999-exec-6] com.jsh.erp.datasource.mappers.FunctionMapper.selectByExample - <==      Total: 3
2025/12/04-08:58:40 DEBUG [http-nio-9999-exec-6] com.jsh.erp.datasource.mappers.FunctionMapper.selectByExample - ==>  Preparing: SELECT id, number, name, parent_number, url, component, state, sort, enabled, type, push_btn, icon, delete_flag FROM jsh_function WHERE (enabled = ? AND parent_number = ? AND delete_flag <> ?) ORDER BY Sort 
2025/12/04-08:58:40 DEBUG [http-nio-9999-exec-6] com.jsh.erp.datasource.mappers.FunctionMapper.selectByExample - ==> Parameters: true(Boolean), 060301(String), 1(String)
2025/12/04-08:58:41 DEBUG [http-nio-9999-exec-6] com.jsh.erp.datasource.mappers.FunctionMapper.selectByExample - <==      Total: 0
2025/12/04-08:58:41 DEBUG [http-nio-9999-exec-6] com.jsh.erp.datasource.mappers.FunctionMapper.selectByExample - ==>  Preparing: SELECT id, number, name, parent_number, url, component, state, sort, enabled, type, push_btn, icon, delete_flag FROM jsh_function WHERE (enabled = ? AND parent_number = ? AND delete_flag <> ?) ORDER BY Sort 
2025/12/04-08:58:41 DEBUG [http-nio-9999-exec-6] com.jsh.erp.datasource.mappers.FunctionMapper.selectByExample - ==> Parameters: true(Boolean), 060303(String), 1(String)
2025/12/04-08:58:42 DEBUG [http-nio-9999-exec-6] com.jsh.erp.datasource.mappers.FunctionMapper.selectByExample - <==      Total: 0
2025/12/04-08:58:42 DEBUG [http-nio-9999-exec-6] com.jsh.erp.datasource.mappers.FunctionMapper.selectByExample - ==>  Preparing: SELECT id, number, name, parent_number, url, component, state, sort, enabled, type, push_btn, icon, delete_flag FROM jsh_function WHERE (enabled = ? AND parent_number = ? AND delete_flag <> ?) ORDER BY Sort 
2025/12/04-08:58:42 DEBUG [http-nio-9999-exec-6] com.jsh.erp.datasource.mappers.FunctionMapper.selectByExample - ==> Parameters: true(Boolean), 060305(String), 1(String)
2025/12/04-08:58:42 DEBUG [http-nio-9999-exec-6] com.jsh.erp.datasource.mappers.FunctionMapper.selectByExample - <==      Total: 0
2025/12/04-08:58:42 DEBUG [http-nio-9999-exec-6] com.jsh.erp.datasource.mappers.FunctionMapper.selectByExample - ==>  Preparing: SELECT id, number, name, parent_number, url, component, state, sort, enabled, type, push_btn, icon, delete_flag FROM jsh_function WHERE (enabled = ? AND parent_number = ? AND delete_flag <> ?) ORDER BY Sort 
2025/12/04-08:58:43 DEBUG [http-nio-9999-exec-6] com.jsh.erp.datasource.mappers.FunctionMapper.selectByExample - ==> Parameters: true(Boolean), 0801(String), 1(String)
2025/12/04-08:58:43 DEBUG [http-nio-9999-exec-6] com.jsh.erp.datasource.mappers.FunctionMapper.selectByExample - <==      Total: 5
2025/12/04-08:58:43 DEBUG [http-nio-9999-exec-6] com.jsh.erp.datasource.mappers.FunctionMapper.selectByExample - ==>  Preparing: SELECT id, number, name, parent_number, url, component, state, sort, enabled, type, push_btn, icon, delete_flag FROM jsh_function WHERE (enabled = ? AND parent_number = ? AND delete_flag <> ?) ORDER BY Sort 
2025/12/04-08:58:43 DEBUG [http-nio-9999-exec-6] com.jsh.erp.datasource.mappers.FunctionMapper.selectByExample - ==> Parameters: true(Boolean), 080103(String), 1(String)
2025/12/04-08:58:44 DEBUG [http-nio-9999-exec-6] com.jsh.erp.datasource.mappers.FunctionMapper.selectByExample - <==      Total: 0
2025/12/04-08:58:44 DEBUG [http-nio-9999-exec-6] com.jsh.erp.datasource.mappers.FunctionMapper.selectByExample - ==>  Preparing: SELECT id, number, name, parent_number, url, component, state, sort, enabled, type, push_btn, icon, delete_flag FROM jsh_function WHERE (enabled = ? AND parent_number = ? AND delete_flag <> ?) ORDER BY Sort 
2025/12/04-08:58:44 DEBUG [http-nio-9999-exec-6] com.jsh.erp.datasource.mappers.FunctionMapper.selectByExample - ==> Parameters: true(Boolean), 080105(String), 1(String)
2025/12/04-08:58:45 DEBUG [http-nio-9999-exec-6] com.jsh.erp.datasource.mappers.FunctionMapper.selectByExample - <==      Total: 0
2025/12/04-08:58:45 DEBUG [http-nio-9999-exec-6] com.jsh.erp.datasource.mappers.FunctionMapper.selectByExample - ==>  Preparing: SELECT id, number, name, parent_number, url, component, state, sort, enabled, type, push_btn, icon, delete_flag FROM jsh_function WHERE (enabled = ? AND parent_number = ? AND delete_flag <> ?) ORDER BY Sort 
2025/12/04-08:58:45 DEBUG [http-nio-9999-exec-6] com.jsh.erp.datasource.mappers.FunctionMapper.selectByExample - ==> Parameters: true(Boolean), 080107(String), 1(String)
2025/12/04-08:58:46 DEBUG [http-nio-9999-exec-6] com.jsh.erp.datasource.mappers.FunctionMapper.selectByExample - <==      Total: 0
2025/12/04-08:58:46 DEBUG [http-nio-9999-exec-6] com.jsh.erp.datasource.mappers.FunctionMapper.selectByExample - ==>  Preparing: SELECT id, number, name, parent_number, url, component, state, sort, enabled, type, push_btn, icon, delete_flag FROM jsh_function WHERE (enabled = ? AND parent_number = ? AND delete_flag <> ?) ORDER BY Sort 
2025/12/04-08:58:46 DEBUG [http-nio-9999-exec-6] com.jsh.erp.datasource.mappers.FunctionMapper.selectByExample - ==> Parameters: true(Boolean), 080109(String), 1(String)
2025/12/04-08:58:46 DEBUG [http-nio-9999-exec-6] com.jsh.erp.datasource.mappers.FunctionMapper.selectByExample - <==      Total: 0
2025/12/04-08:58:46 DEBUG [http-nio-9999-exec-6] com.jsh.erp.datasource.mappers.FunctionMapper.selectByExample - ==>  Preparing: SELECT id, number, name, parent_number, url, component, state, sort, enabled, type, push_btn, icon, delete_flag FROM jsh_function WHERE (enabled = ? AND parent_number = ? AND delete_flag <> ?) ORDER BY Sort 
2025/12/04-08:58:47 DEBUG [http-nio-9999-exec-6] com.jsh.erp.datasource.mappers.FunctionMapper.selectByExample - ==> Parameters: true(Boolean), 080111(String), 1(String)
2025/12/04-08:58:47 DEBUG [http-nio-9999-exec-6] com.jsh.erp.datasource.mappers.FunctionMapper.selectByExample - <==      Total: 0
2025/12/04-08:58:47 DEBUG [http-nio-9999-exec-6] com.jsh.erp.datasource.mappers.FunctionMapper.selectByExample - ==>  Preparing: SELECT id, number, name, parent_number, url, component, state, sort, enabled, type, push_btn, icon, delete_flag FROM jsh_function WHERE (enabled = ? AND parent_number = ? AND delete_flag <> ?) ORDER BY Sort 
2025/12/04-08:58:47 DEBUG [http-nio-9999-exec-6] com.jsh.erp.datasource.mappers.FunctionMapper.selectByExample - ==> Parameters: true(Boolean), 0704(String), 1(String)
2025/12/04-08:58:48 DEBUG [http-nio-9999-exec-6] com.jsh.erp.datasource.mappers.FunctionMapper.selectByExample - <==      Total: 6
2025/12/04-08:58:48 DEBUG [http-nio-9999-exec-6] com.jsh.erp.datasource.mappers.FunctionMapper.selectByExample - ==>  Preparing: SELECT id, number, name, parent_number, url, component, state, sort, enabled, type, push_btn, icon, delete_flag FROM jsh_function WHERE (enabled = ? AND parent_number = ? AND delete_flag <> ?) ORDER BY Sort 
2025/12/04-08:58:48 DEBUG [http-nio-9999-exec-6] com.jsh.erp.datasource.mappers.FunctionMapper.selectByExample - ==> Parameters: true(Boolean), 070402(String), 1(String)
2025/12/04-08:58:49 DEBUG [http-nio-9999-exec-6] com.jsh.erp.datasource.mappers.FunctionMapper.selectByExample - <==      Total: 0
2025/12/04-08:58:49 DEBUG [http-nio-9999-exec-6] com.jsh.erp.datasource.mappers.FunctionMapper.selectByExample - ==>  Preparing: SELECT id, number, name, parent_number, url, component, state, sort, enabled, type, push_btn, icon, delete_flag FROM jsh_function WHERE (enabled = ? AND parent_number = ? AND delete_flag <> ?) ORDER BY Sort 
2025/12/04-08:58:49 DEBUG [http-nio-9999-exec-6] com.jsh.erp.datasource.mappers.FunctionMapper.selectByExample - ==> Parameters: true(Boolean), 070403(String), 1(String)
2025/12/04-08:58:50 DEBUG [http-nio-9999-exec-6] com.jsh.erp.datasource.mappers.FunctionMapper.selectByExample - <==      Total: 0
2025/12/04-08:58:50 DEBUG [http-nio-9999-exec-6] com.jsh.erp.datasource.mappers.FunctionMapper.selectByExample - ==>  Preparing: SELECT id, number, name, parent_number, url, component, state, sort, enabled, type, push_btn, icon, delete_flag FROM jsh_function WHERE (enabled = ? AND parent_number = ? AND delete_flag <> ?) ORDER BY Sort 
2025/12/04-08:58:50 DEBUG [http-nio-9999-exec-6] com.jsh.erp.datasource.mappers.FunctionMapper.selectByExample - ==> Parameters: true(Boolean), 070404(String), 1(String)
2025/12/04-08:58:50 DEBUG [http-nio-9999-exec-6] com.jsh.erp.datasource.mappers.FunctionMapper.selectByExample - <==      Total: 0
2025/12/04-08:58:50 DEBUG [http-nio-9999-exec-6] com.jsh.erp.datasource.mappers.FunctionMapper.selectByExample - ==>  Preparing: SELECT id, number, name, parent_number, url, component, state, sort, enabled, type, push_btn, icon, delete_flag FROM jsh_function WHERE (enabled = ? AND parent_number = ? AND delete_flag <> ?) ORDER BY Sort 
2025/12/04-08:58:51 DEBUG [http-nio-9999-exec-6] com.jsh.erp.datasource.mappers.FunctionMapper.selectByExample - ==> Parameters: true(Boolean), 070405(String), 1(String)
2025/12/04-08:58:51 DEBUG [http-nio-9999-exec-6] com.jsh.erp.datasource.mappers.FunctionMapper.selectByExample - <==      Total: 0
2025/12/04-08:58:51 DEBUG [http-nio-9999-exec-6] com.jsh.erp.datasource.mappers.FunctionMapper.selectByExample - ==>  Preparing: SELECT id, number, name, parent_number, url, component, state, sort, enabled, type, push_btn, icon, delete_flag FROM jsh_function WHERE (enabled = ? AND parent_number = ? AND delete_flag <> ?) ORDER BY Sort 
2025/12/04-08:58:52 DEBUG [http-nio-9999-exec-6] com.jsh.erp.datasource.mappers.FunctionMapper.selectByExample - ==> Parameters: true(Boolean), 070406(String), 1(String)
2025/12/04-08:58:52 DEBUG [http-nio-9999-exec-6] com.jsh.erp.datasource.mappers.FunctionMapper.selectByExample - <==      Total: 0
2025/12/04-08:58:52 DEBUG [http-nio-9999-exec-6] com.jsh.erp.datasource.mappers.FunctionMapper.selectByExample - ==>  Preparing: SELECT id, number, name, parent_number, url, component, state, sort, enabled, type, push_btn, icon, delete_flag FROM jsh_function WHERE (enabled = ? AND parent_number = ? AND delete_flag <> ?) ORDER BY Sort 
2025/12/04-08:58:52 DEBUG [http-nio-9999-exec-6] com.jsh.erp.datasource.mappers.FunctionMapper.selectByExample - ==> Parameters: true(Boolean), 070407(String), 1(String)
2025/12/04-08:58:53 DEBUG [http-nio-9999-exec-6] com.jsh.erp.datasource.mappers.FunctionMapper.selectByExample - <==      Total: 0
2025/12/04-08:58:53 DEBUG [http-nio-9999-exec-6] com.jsh.erp.datasource.mappers.FunctionMapper.selectByExample - ==>  Preparing: SELECT id, number, name, parent_number, url, component, state, sort, enabled, type, push_btn, icon, delete_flag FROM jsh_function WHERE (enabled = ? AND parent_number = ? AND delete_flag <> ?) ORDER BY Sort 
2025/12/04-08:58:53 DEBUG [http-nio-9999-exec-6] com.jsh.erp.datasource.mappers.FunctionMapper.selectByExample - ==> Parameters: true(Boolean), 0301(String), 1(String)
2025/12/04-08:58:54 DEBUG [http-nio-9999-exec-6] com.jsh.erp.datasource.mappers.FunctionMapper.selectByExample - <==      Total: 14
2025/12/04-08:58:54 DEBUG [http-nio-9999-exec-6] com.jsh.erp.datasource.mappers.FunctionMapper.selectByExample - ==>  Preparing: SELECT id, number, name, parent_number, url, component, state, sort, enabled, type, push_btn, icon, delete_flag FROM jsh_function WHERE (enabled = ? AND parent_number = ? AND delete_flag <> ?) ORDER BY Sort 
2025/12/04-08:58:54 DEBUG [http-nio-9999-exec-6] com.jsh.erp.datasource.mappers.FunctionMapper.selectByExample - ==> Parameters: true(Boolean), 030113(String), 1(String)
2025/12/04-08:58:54 DEBUG [http-nio-9999-exec-6] com.jsh.erp.datasource.mappers.FunctionMapper.selectByExample - <==      Total: 0
2025/12/04-08:58:54 DEBUG [http-nio-9999-exec-6] com.jsh.erp.datasource.mappers.FunctionMapper.selectByExample - ==>  Preparing: SELECT id, number, name, parent_number, url, component, state, sort, enabled, type, push_btn, icon, delete_flag FROM jsh_function WHERE (enabled = ? AND parent_number = ? AND delete_flag <> ?) ORDER BY Sort 
2025/12/04-08:58:55 DEBUG [http-nio-9999-exec-6] com.jsh.erp.datasource.mappers.FunctionMapper.selectByExample - ==> Parameters: true(Boolean), 030102(String), 1(String)
2025/12/04-08:58:55 DEBUG [http-nio-9999-exec-6] com.jsh.erp.datasource.mappers.FunctionMapper.selectByExample - <==      Total: 0
2025/12/04-08:58:55 DEBUG [http-nio-9999-exec-6] com.jsh.erp.datasource.mappers.FunctionMapper.selectByExample - ==>  Preparing: SELECT id, number, name, parent_number, url, component, state, sort, enabled, type, push_btn, icon, delete_flag FROM jsh_function WHERE (enabled = ? AND parent_number = ? AND delete_flag <> ?) ORDER BY Sort 
2025/12/04-08:58:56 DEBUG [http-nio-9999-exec-6] com.jsh.erp.datasource.mappers.FunctionMapper.selectByExample - ==> Parameters: true(Boolean), 030105(String), 1(String)
2025/12/04-08:58:56 DEBUG [http-nio-9999-exec-6] com.jsh.erp.datasource.mappers.FunctionMapper.selectByExample - <==      Total: 0
2025/12/04-08:58:56 DEBUG [http-nio-9999-exec-6] com.jsh.erp.datasource.mappers.FunctionMapper.selectByExample - ==>  Preparing: SELECT id, number, name, parent_number, url, component, state, sort, enabled, type, push_btn, icon, delete_flag FROM jsh_function WHERE (enabled = ? AND parent_number = ? AND delete_flag <> ?) ORDER BY Sort 
2025/12/04-08:58:56 DEBUG [http-nio-9999-exec-6] com.jsh.erp.datasource.mappers.FunctionMapper.selectByExample - ==> Parameters: true(Boolean), 030103(String), 1(String)
2025/12/04-08:58:57 DEBUG [http-nio-9999-exec-6] com.jsh.erp.datasource.mappers.FunctionMapper.selectByExample - <==      Total: 0
2025/12/04-08:58:57 DEBUG [http-nio-9999-exec-6] com.jsh.erp.datasource.mappers.FunctionMapper.selectByExample - ==>  Preparing: SELECT id, number, name, parent_number, url, component, state, sort, enabled, type, push_btn, icon, delete_flag FROM jsh_function WHERE (enabled = ? AND parent_number = ? AND delete_flag <> ?) ORDER BY Sort 
2025/12/04-08:58:57 DEBUG [http-nio-9999-exec-6] com.jsh.erp.datasource.mappers.FunctionMapper.selectByExample - ==> Parameters: true(Boolean), 030104(String), 1(String)
2025/12/04-08:58:58 DEBUG [http-nio-9999-exec-6] com.jsh.erp.datasource.mappers.FunctionMapper.selectByExample - <==      Total: 0
2025/12/04-08:58:58 DEBUG [http-nio-9999-exec-6] com.jsh.erp.datasource.mappers.FunctionMapper.selectByExample - ==>  Preparing: SELECT id, number, name, parent_number, url, component, state, sort, enabled, type, push_btn, icon, delete_flag FROM jsh_function WHERE (enabled = ? AND parent_number = ? AND delete_flag <> ?) ORDER BY Sort 
2025/12/04-08:58:58 DEBUG [http-nio-9999-exec-6] com.jsh.erp.datasource.mappers.FunctionMapper.selectByExample - ==> Parameters: true(Boolean), 030106(String), 1(String)
2025/12/04-08:58:59 DEBUG [http-nio-9999-exec-6] com.jsh.erp.datasource.mappers.FunctionMapper.selectByExample - <==      Total: 0
2025/12/04-08:58:59 DEBUG [http-nio-9999-exec-6] com.jsh.erp.datasource.mappers.FunctionMapper.selectByExample - ==>  Preparing: SELECT id, number, name, parent_number, url, component, state, sort, enabled, type, push_btn, icon, delete_flag FROM jsh_function WHERE (enabled = ? AND parent_number = ? AND delete_flag <> ?) ORDER BY Sort 
2025/12/04-08:58:59 DEBUG [http-nio-9999-exec-6] com.jsh.erp.datasource.mappers.FunctionMapper.selectByExample - ==> Parameters: true(Boolean), 030107(String), 1(String)
2025/12/04-08:58:59 DEBUG [http-nio-9999-exec-6] com.jsh.erp.datasource.mappers.FunctionMapper.selectByExample - <==      Total: 0
2025/12/04-08:58:59 DEBUG [http-nio-9999-exec-6] com.jsh.erp.datasource.mappers.FunctionMapper.selectByExample - ==>  Preparing: SELECT id, number, name, parent_number, url, component, state, sort, enabled, type, push_btn, icon, delete_flag FROM jsh_function WHERE (enabled = ? AND parent_number = ? AND delete_flag <> ?) ORDER BY Sort 
2025/12/04-08:59:00 DEBUG [http-nio-9999-exec-6] com.jsh.erp.datasource.mappers.FunctionMapper.selectByExample - ==> Parameters: true(Boolean), 030150(String), 1(String)
2025/12/04-08:59:00 DEBUG [http-nio-9999-exec-6] com.jsh.erp.datasource.mappers.FunctionMapper.selectByExample - <==      Total: 0
2025/12/04-08:59:00 DEBUG [http-nio-9999-exec-6] com.jsh.erp.datasource.mappers.FunctionMapper.selectByExample - ==>  Preparing: SELECT id, number, name, parent_number, url, component, state, sort, enabled, type, push_btn, icon, delete_flag FROM jsh_function WHERE (enabled = ? AND parent_number = ? AND delete_flag <> ?) ORDER BY Sort 
2025/12/04-08:59:00 DEBUG [http-nio-9999-exec-6] com.jsh.erp.datasource.mappers.FunctionMapper.selectByExample - ==> Parameters: true(Boolean), 030108(String), 1(String)
2025/12/04-08:59:01 DEBUG [http-nio-9999-exec-6] com.jsh.erp.datasource.mappers.FunctionMapper.selectByExample - <==      Total: 0
2025/12/04-08:59:01 DEBUG [http-nio-9999-exec-6] com.jsh.erp.datasource.mappers.FunctionMapper.selectByExample - ==>  Preparing: SELECT id, number, name, parent_number, url, component, state, sort, enabled, type, push_btn, icon, delete_flag FROM jsh_function WHERE (enabled = ? AND parent_number = ? AND delete_flag <> ?) ORDER BY Sort 
2025/12/04-08:59:01 DEBUG [http-nio-9999-exec-6] com.jsh.erp.datasource.mappers.FunctionMapper.selectByExample - ==> Parameters: true(Boolean), 030109(String), 1(String)
2025/12/04-08:59:02 DEBUG [http-nio-9999-exec-6] com.jsh.erp.datasource.mappers.FunctionMapper.selectByExample - <==      Total: 0
2025/12/04-08:59:02 DEBUG [http-nio-9999-exec-6] com.jsh.erp.datasource.mappers.FunctionMapper.selectByExample - ==>  Preparing: SELECT id, number, name, parent_number, url, component, state, sort, enabled, type, push_btn, icon, delete_flag FROM jsh_function WHERE (enabled = ? AND parent_number = ? AND delete_flag <> ?) ORDER BY Sort 
2025/12/04-08:59:02 DEBUG [http-nio-9999-exec-6] com.jsh.erp.datasource.mappers.FunctionMapper.selectByExample - ==> Parameters: true(Boolean), 030101(String), 1(String)
2025/12/04-08:59:03 DEBUG [http-nio-9999-exec-6] com.jsh.erp.datasource.mappers.FunctionMapper.selectByExample - <==      Total: 0
2025/12/04-08:59:03 DEBUG [http-nio-9999-exec-6] com.jsh.erp.datasource.mappers.FunctionMapper.selectByExample - ==>  Preparing: SELECT id, number, name, parent_number, url, component, state, sort, enabled, type, push_btn, icon, delete_flag FROM jsh_function WHERE (enabled = ? AND parent_number = ? AND delete_flag <> ?) ORDER BY Sort 
2025/12/04-08:59:03 DEBUG [http-nio-9999-exec-6] com.jsh.erp.datasource.mappers.FunctionMapper.selectByExample - ==> Parameters: true(Boolean), 030110(String), 1(String)
2025/12/04-08:59:03 DEBUG [http-nio-9999-exec-6] com.jsh.erp.datasource.mappers.FunctionMapper.selectByExample - <==      Total: 0
2025/12/04-08:59:03 DEBUG [http-nio-9999-exec-6] com.jsh.erp.datasource.mappers.FunctionMapper.selectByExample - ==>  Preparing: SELECT id, number, name, parent_number, url, component, state, sort, enabled, type, push_btn, icon, delete_flag FROM jsh_function WHERE (enabled = ? AND parent_number = ? AND delete_flag <> ?) ORDER BY Sort 
2025/12/04-08:59:04 DEBUG [http-nio-9999-exec-6] com.jsh.erp.datasource.mappers.FunctionMapper.selectByExample - ==> Parameters: true(Boolean), 030111(String), 1(String)
2025/12/04-08:59:04 DEBUG [http-nio-9999-exec-6] com.jsh.erp.datasource.mappers.FunctionMapper.selectByExample - <==      Total: 0
2025/12/04-08:59:04 DEBUG [http-nio-9999-exec-6] com.jsh.erp.datasource.mappers.FunctionMapper.selectByExample - ==>  Preparing: SELECT id, number, name, parent_number, url, component, state, sort, enabled, type, push_btn, icon, delete_flag FROM jsh_function WHERE (enabled = ? AND parent_number = ? AND delete_flag <> ?) ORDER BY Sort 
2025/12/04-08:59:04 DEBUG [http-nio-9999-exec-6] com.jsh.erp.datasource.mappers.FunctionMapper.selectByExample - ==> Parameters: true(Boolean), 030112(String), 1(String)
2025/12/04-08:59:05 DEBUG [http-nio-9999-exec-6] com.jsh.erp.datasource.mappers.FunctionMapper.selectByExample - <==      Total: 0
2025/12/04-08:59:05 DEBUG [http-nio-9999-exec-6] com.jsh.erp.datasource.mappers.FunctionMapper.selectByExample - ==>  Preparing: SELECT id, number, name, parent_number, url, component, state, sort, enabled, type, push_btn, icon, delete_flag FROM jsh_function WHERE (enabled = ? AND parent_number = ? AND delete_flag <> ?) ORDER BY Sort 
2025/12/04-08:59:05 DEBUG [http-nio-9999-exec-6] com.jsh.erp.datasource.mappers.FunctionMapper.selectByExample - ==> Parameters: true(Boolean), 0101(String), 1(String)
2025/12/04-08:59:06 DEBUG [http-nio-9999-exec-6] com.jsh.erp.datasource.mappers.FunctionMapper.selectByExample - <==      Total: 4
2025/12/04-08:59:06 DEBUG [http-nio-9999-exec-6] com.jsh.erp.datasource.mappers.FunctionMapper.selectByExample - ==>  Preparing: SELECT id, number, name, parent_number, url, component, state, sort, enabled, type, push_btn, icon, delete_flag FROM jsh_function WHERE (enabled = ? AND parent_number = ? AND delete_flag <> ?) ORDER BY Sort 
2025/12/04-08:59:06 DEBUG [http-nio-9999-exec-6] com.jsh.erp.datasource.mappers.FunctionMapper.selectByExample - ==> Parameters: true(Boolean), 010101(String), 1(String)
2025/12/04-08:59:07 DEBUG [http-nio-9999-exec-6] com.jsh.erp.datasource.mappers.FunctionMapper.selectByExample - <==      Total: 0
2025/12/04-08:59:07 DEBUG [http-nio-9999-exec-6] com.jsh.erp.datasource.mappers.FunctionMapper.selectByExample - ==>  Preparing: SELECT id, number, name, parent_number, url, component, state, sort, enabled, type, push_btn, icon, delete_flag FROM jsh_function WHERE (enabled = ? AND parent_number = ? AND delete_flag <> ?) ORDER BY Sort 
2025/12/04-08:59:07 DEBUG [http-nio-9999-exec-6] com.jsh.erp.datasource.mappers.FunctionMapper.selectByExample - ==> Parameters: true(Boolean), 010102(String), 1(String)
2025/12/04-08:59:07 DEBUG [http-nio-9999-exec-6] com.jsh.erp.datasource.mappers.FunctionMapper.selectByExample - <==      Total: 0
2025/12/04-08:59:07 DEBUG [http-nio-9999-exec-6] com.jsh.erp.datasource.mappers.FunctionMapper.selectByExample - ==>  Preparing: SELECT id, number, name, parent_number, url, component, state, sort, enabled, type, push_btn, icon, delete_flag FROM jsh_function WHERE (enabled = ? AND parent_number = ? AND delete_flag <> ?) ORDER BY Sort 
2025/12/04-08:59:08 DEBUG [http-nio-9999-exec-6] com.jsh.erp.datasource.mappers.FunctionMapper.selectByExample - ==> Parameters: true(Boolean), 010103(String), 1(String)
2025/12/04-08:59:08 DEBUG [http-nio-9999-exec-6] com.jsh.erp.datasource.mappers.FunctionMapper.selectByExample - <==      Total: 0
2025/12/04-08:59:08 DEBUG [http-nio-9999-exec-6] com.jsh.erp.datasource.mappers.FunctionMapper.selectByExample - ==>  Preparing: SELECT id, number, name, parent_number, url, component, state, sort, enabled, type, push_btn, icon, delete_flag FROM jsh_function WHERE (enabled = ? AND parent_number = ? AND delete_flag <> ?) ORDER BY Sort 
2025/12/04-08:59:09 DEBUG [http-nio-9999-exec-6] com.jsh.erp.datasource.mappers.FunctionMapper.selectByExample - ==> Parameters: true(Boolean), 010105(String), 1(String)
2025/12/04-08:59:09 DEBUG [http-nio-9999-exec-6] com.jsh.erp.datasource.mappers.FunctionMapper.selectByExample - <==      Total: 0
2025/12/04-08:59:09 DEBUG [http-nio-9999-exec-6] com.jsh.erp.datasource.mappers.FunctionMapper.selectByExample - ==>  Preparing: SELECT id, number, name, parent_number, url, component, state, sort, enabled, type, push_btn, icon, delete_flag FROM jsh_function WHERE (enabled = ? AND parent_number = ? AND delete_flag <> ?) ORDER BY Sort 
2025/12/04-08:59:09 DEBUG [http-nio-9999-exec-6] com.jsh.erp.datasource.mappers.FunctionMapper.selectByExample - ==> Parameters: true(Boolean), 0102(String), 1(String)
2025/12/04-08:59:10 DEBUG [http-nio-9999-exec-6] com.jsh.erp.datasource.mappers.FunctionMapper.selectByExample - <==      Total: 7
2025/12/04-08:59:10 DEBUG [http-nio-9999-exec-6] com.jsh.erp.datasource.mappers.FunctionMapper.selectByExample - ==>  Preparing: SELECT id, number, name, parent_number, url, component, state, sort, enabled, type, push_btn, icon, delete_flag FROM jsh_function WHERE (enabled = ? AND parent_number = ? AND delete_flag <> ?) ORDER BY Sort 
2025/12/04-08:59:10 DEBUG [http-nio-9999-exec-6] com.jsh.erp.datasource.mappers.FunctionMapper.selectByExample - ==> Parameters: true(Boolean), 01020101(String), 1(String)
2025/12/04-08:59:11 DEBUG [http-nio-9999-exec-6] com.jsh.erp.datasource.mappers.FunctionMapper.selectByExample - <==      Total: 0
2025/12/04-08:59:11 DEBUG [http-nio-9999-exec-6] com.jsh.erp.datasource.mappers.FunctionMapper.selectByExample - ==>  Preparing: SELECT id, number, name, parent_number, url, component, state, sort, enabled, type, push_btn, icon, delete_flag FROM jsh_function WHERE (enabled = ? AND parent_number = ? AND delete_flag <> ?) ORDER BY Sort 
2025/12/04-08:59:11 DEBUG [http-nio-9999-exec-6] com.jsh.erp.datasource.mappers.FunctionMapper.selectByExample - ==> Parameters: true(Boolean), 01020102(String), 1(String)
2025/12/04-08:59:12 DEBUG [http-nio-9999-exec-6] com.jsh.erp.datasource.mappers.FunctionMapper.selectByExample - <==      Total: 0
2025/12/04-08:59:12 DEBUG [http-nio-9999-exec-6] com.jsh.erp.datasource.mappers.FunctionMapper.selectByExample - ==>  Preparing: SELECT id, number, name, parent_number, url, component, state, sort, enabled, type, push_btn, icon, delete_flag FROM jsh_function WHERE (enabled = ? AND parent_number = ? AND delete_flag <> ?) ORDER BY Sort 
2025/12/04-08:59:12 DEBUG [http-nio-9999-exec-6] com.jsh.erp.datasource.mappers.FunctionMapper.selectByExample - ==> Parameters: true(Boolean), 01020103(String), 1(String)
2025/12/04-08:59:12 DEBUG [http-nio-9999-exec-6] com.jsh.erp.datasource.mappers.FunctionMapper.selectByExample - <==      Total: 0
2025/12/04-08:59:12 DEBUG [http-nio-9999-exec-6] com.jsh.erp.datasource.mappers.FunctionMapper.selectByExample - ==>  Preparing: SELECT id, number, name, parent_number, url, component, state, sort, enabled, type, push_btn, icon, delete_flag FROM jsh_function WHERE (enabled = ? AND parent_number = ? AND delete_flag <> ?) ORDER BY Sort 
2025/12/04-08:59:13 DEBUG [http-nio-9999-exec-6] com.jsh.erp.datasource.mappers.FunctionMapper.selectByExample - ==> Parameters: true(Boolean), 010202(String), 1(String)
2025/12/04-08:59:13 DEBUG [http-nio-9999-exec-6] com.jsh.erp.datasource.mappers.FunctionMapper.selectByExample - <==      Total: 0
2025/12/04-08:59:13 DEBUG [http-nio-9999-exec-6] com.jsh.erp.datasource.mappers.FunctionMapper.selectByExample - ==>  Preparing: SELECT id, number, name, parent_number, url, component, state, sort, enabled, type, push_btn, icon, delete_flag FROM jsh_function WHERE (enabled = ? AND parent_number = ? AND delete_flag <> ?) ORDER BY Sort 
2025/12/04-08:59:13 DEBUG [http-nio-9999-exec-6] com.jsh.erp.datasource.mappers.FunctionMapper.selectByExample - ==> Parameters: true(Boolean), 010204(String), 1(String)
2025/12/04-08:59:14 DEBUG [http-nio-9999-exec-6] com.jsh.erp.datasource.mappers.FunctionMapper.selectByExample - <==      Total: 0
2025/12/04-08:59:14 DEBUG [http-nio-9999-exec-6] com.jsh.erp.datasource.mappers.FunctionMapper.selectByExample - ==>  Preparing: SELECT id, number, name, parent_number, url, component, state, sort, enabled, type, push_btn, icon, delete_flag FROM jsh_function WHERE (enabled = ? AND parent_number = ? AND delete_flag <> ?) ORDER BY Sort 
2025/12/04-08:59:14 DEBUG [http-nio-9999-exec-6] com.jsh.erp.datasource.mappers.FunctionMapper.selectByExample - ==> Parameters: true(Boolean), 010205(String), 1(String)
2025/12/04-08:59:15 DEBUG [http-nio-9999-exec-6] com.jsh.erp.datasource.mappers.FunctionMapper.selectByExample - <==      Total: 0
2025/12/04-08:59:15 DEBUG [http-nio-9999-exec-6] com.jsh.erp.datasource.mappers.FunctionMapper.selectByExample - ==>  Preparing: SELECT id, number, name, parent_number, url, component, state, sort, enabled, type, push_btn, icon, delete_flag FROM jsh_function WHERE (enabled = ? AND parent_number = ? AND delete_flag <> ?) ORDER BY Sort 
2025/12/04-08:59:15 DEBUG [http-nio-9999-exec-6] com.jsh.erp.datasource.mappers.FunctionMapper.selectByExample - ==> Parameters: true(Boolean), 010206(String), 1(String)
2025/12/04-08:59:16 DEBUG [http-nio-9999-exec-6] com.jsh.erp.datasource.mappers.FunctionMapper.selectByExample - <==      Total: 0
2025/12/04-08:59:16 DEBUG [http-nio-9999-exec-6] com.jsh.erp.datasource.mappers.FunctionMapper.selectByExample - ==>  Preparing: SELECT id, number, name, parent_number, url, component, state, sort, enabled, type, push_btn, icon, delete_flag FROM jsh_function WHERE (enabled = ? AND parent_number = ? AND delete_flag <> ?) ORDER BY Sort 
2025/12/04-08:59:16 DEBUG [http-nio-9999-exec-6] com.jsh.erp.datasource.mappers.FunctionMapper.selectByExample - ==> Parameters: true(Boolean), 0001(String), 1(String)
2025/12/04-08:59:16 DEBUG [http-nio-9999-exec-6] com.jsh.erp.datasource.mappers.FunctionMapper.selectByExample - <==      Total: 10
2025/12/04-08:59:16 DEBUG [http-nio-9999-exec-6] com.jsh.erp.datasource.mappers.FunctionMapper.selectByExample - ==>  Preparing: SELECT id, number, name, parent_number, url, component, state, sort, enabled, type, push_btn, icon, delete_flag FROM jsh_function WHERE (enabled = ? AND parent_number = ? AND delete_flag <> ?) ORDER BY Sort 
2025/12/04-08:59:17 DEBUG [http-nio-9999-exec-6] com.jsh.erp.datasource.mappers.FunctionMapper.selectByExample - ==> Parameters: true(Boolean), 000102(String), 1(String)
2025/12/04-08:59:17 DEBUG [http-nio-9999-exec-6] com.jsh.erp.datasource.mappers.FunctionMapper.selectByExample - <==      Total: 0
2025/12/04-08:59:17 DEBUG [http-nio-9999-exec-6] com.jsh.erp.datasource.mappers.FunctionMapper.selectByExample - ==>  Preparing: SELECT id, number, name, parent_number, url, component, state, sort, enabled, type, push_btn, icon, delete_flag FROM jsh_function WHERE (enabled = ? AND parent_number = ? AND delete_flag <> ?) ORDER BY Sort 
2025/12/04-08:59:17 DEBUG [http-nio-9999-exec-6] com.jsh.erp.datasource.mappers.FunctionMapper.selectByExample - ==> Parameters: true(Boolean), 000103(String), 1(String)
2025/12/04-08:59:18 DEBUG [http-nio-9999-exec-6] com.jsh.erp.datasource.mappers.FunctionMapper.selectByExample - <==      Total: 0
2025/12/04-08:59:18 DEBUG [http-nio-9999-exec-6] com.jsh.erp.datasource.mappers.FunctionMapper.selectByExample - ==>  Preparing: SELECT id, number, name, parent_number, url, component, state, sort, enabled, type, push_btn, icon, delete_flag FROM jsh_function WHERE (enabled = ? AND parent_number = ? AND delete_flag <> ?) ORDER BY Sort 
2025/12/04-08:59:18 DEBUG [http-nio-9999-exec-6] com.jsh.erp.datasource.mappers.FunctionMapper.selectByExample - ==> Parameters: true(Boolean), 000108(String), 1(String)
2025/12/04-08:59:19 DEBUG [http-nio-9999-exec-6] com.jsh.erp.datasource.mappers.FunctionMapper.selectByExample - <==      Total: 0
2025/12/04-08:59:19 DEBUG [http-nio-9999-exec-6] com.jsh.erp.datasource.mappers.FunctionMapper.selectByExample - ==>  Preparing: SELECT id, number, name, parent_number, url, component, state, sort, enabled, type, push_btn, icon, delete_flag FROM jsh_function WHERE (enabled = ? AND parent_number = ? AND delete_flag <> ?) ORDER BY Sort 
2025/12/04-08:59:19 DEBUG [http-nio-9999-exec-6] com.jsh.erp.datasource.mappers.FunctionMapper.selectByExample - ==> Parameters: true(Boolean), 000104(String), 1(String)
2025/12/04-08:59:20 DEBUG [http-nio-9999-exec-6] com.jsh.erp.datasource.mappers.FunctionMapper.selectByExample - <==      Total: 0
2025/12/04-08:59:20 DEBUG [http-nio-9999-exec-6] com.jsh.erp.datasource.mappers.FunctionMapper.selectByExample - ==>  Preparing: SELECT id, number, name, parent_number, url, component, state, sort, enabled, type, push_btn, icon, delete_flag FROM jsh_function WHERE (enabled = ? AND parent_number = ? AND delete_flag <> ?) ORDER BY Sort 
2025/12/04-08:59:20 DEBUG [http-nio-9999-exec-6] com.jsh.erp.datasource.mappers.FunctionMapper.selectByExample - ==> Parameters: true(Boolean), 000106(String), 1(String)
2025/12/04-08:59:20 DEBUG [http-nio-9999-exec-6] com.jsh.erp.datasource.mappers.FunctionMapper.selectByExample - <==      Total: 0
2025/12/04-08:59:20 DEBUG [http-nio-9999-exec-6] com.jsh.erp.datasource.mappers.FunctionMapper.selectByExample - ==>  Preparing: SELECT id, number, name, parent_number, url, component, state, sort, enabled, type, push_btn, icon, delete_flag FROM jsh_function WHERE (enabled = ? AND parent_number = ? AND delete_flag <> ?) ORDER BY Sort 
2025/12/04-08:59:21 DEBUG [http-nio-9999-exec-6] com.jsh.erp.datasource.mappers.FunctionMapper.selectByExample - ==> Parameters: true(Boolean), 000105(String), 1(String)
2025/12/04-08:59:21 DEBUG [http-nio-9999-exec-6] com.jsh.erp.datasource.mappers.FunctionMapper.selectByExample - <==      Total: 0
2025/12/04-08:59:21 DEBUG [http-nio-9999-exec-6] com.jsh.erp.datasource.mappers.FunctionMapper.selectByExample - ==>  Preparing: SELECT id, number, name, parent_number, url, component, state, sort, enabled, type, push_btn, icon, delete_flag FROM jsh_function WHERE (enabled = ? AND parent_number = ? AND delete_flag <> ?) ORDER BY Sort 
2025/12/04-08:59:22 DEBUG [http-nio-9999-exec-6] com.jsh.erp.datasource.mappers.FunctionMapper.selectByExample - ==> Parameters: true(Boolean), 000105(String), 1(String)
2025/12/04-08:59:22 DEBUG [http-nio-9999-exec-6] com.jsh.erp.datasource.mappers.FunctionMapper.selectByExample - <==      Total: 0
2025/12/04-08:59:22 DEBUG [http-nio-9999-exec-6] com.jsh.erp.datasource.mappers.FunctionMapper.selectByExample - ==>  Preparing: SELECT id, number, name, parent_number, url, component, state, sort, enabled, type, push_btn, icon, delete_flag FROM jsh_function WHERE (enabled = ? AND parent_number = ? AND delete_flag <> ?) ORDER BY Sort 
2025/12/04-08:59:22 DEBUG [http-nio-9999-exec-6] com.jsh.erp.datasource.mappers.FunctionMapper.selectByExample - ==> Parameters: true(Boolean), 000109(String), 1(String)
2025/12/04-08:59:23 DEBUG [http-nio-9999-exec-6] com.jsh.erp.datasource.mappers.FunctionMapper.selectByExample - <==      Total: 0
2025/12/04-08:59:23 DEBUG [http-nio-9999-exec-6] com.jsh.erp.datasource.mappers.FunctionMapper.selectByExample - ==>  Preparing: SELECT id, number, name, parent_number, url, component, state, sort, enabled, type, push_btn, icon, delete_flag FROM jsh_function WHERE (enabled = ? AND parent_number = ? AND delete_flag <> ?) ORDER BY Sort 
2025/12/04-08:59:23 DEBUG [http-nio-9999-exec-6] com.jsh.erp.datasource.mappers.FunctionMapper.selectByExample - ==> Parameters: true(Boolean), 000107(String), 1(String)
2025/12/04-08:59:24 DEBUG [http-nio-9999-exec-6] com.jsh.erp.datasource.mappers.FunctionMapper.selectByExample - <==      Total: 0
2025/12/04-08:59:24 DEBUG [http-nio-9999-exec-6] com.jsh.erp.datasource.mappers.FunctionMapper.selectByExample - ==>  Preparing: SELECT id, number, name, parent_number, url, component, state, sort, enabled, type, push_btn, icon, delete_flag FROM jsh_function WHERE (enabled = ? AND parent_number = ? AND delete_flag <> ?) ORDER BY Sort 
2025/12/04-08:59:24 DEBUG [http-nio-9999-exec-6] com.jsh.erp.datasource.mappers.FunctionMapper.selectByExample - ==> Parameters: true(Boolean), 000112(String), 1(String)
2025/12/04-08:59:25 DEBUG [http-nio-9999-exec-6] com.jsh.erp.datasource.mappers.FunctionMapper.selectByExample - <==      Total: 0
2025/12/04-08:59:25 DEBUG [http-nio-9999-exec-1] com.jsh.erp.datasource.mappers.UserMapper.selectByPrimaryKey - ==>  Preparing: SELECT id, username, login_name, password, leader_flag, position, department, email, phonenum, ismanager, isystem, status, description, remark, weixin_open_id, tenant_id, delete_flag FROM jsh_user WHERE jsh_user.tenant_id = 63 AND id = ? 
2025/12/04-08:59:25 DEBUG [http-nio-9999-exec-9] com.jsh.erp.datasource.mappers.UserMapper.selectByPrimaryKey - ==>  Preparing: SELECT id, username, login_name, password, leader_flag, position, department, email, phonenum, ismanager, isystem, status, description, remark, weixin_open_id, tenant_id, delete_flag FROM jsh_user WHERE jsh_user.tenant_id = 63 AND id = ? 
2025/12/04-08:59:25 DEBUG [http-nio-9999-exec-10] com.jsh.erp.datasource.mappers.SystemConfigMapper.selectByExample - ==>  Preparing: SELECT id, company_name, company_contacts, company_address, company_tel, company_fax, company_post_code, sale_agreement, depot_flag, customer_flag, minus_stock_flag, purchase_by_sale_flag, multi_level_approval_flag, multi_bill_type, force_approval_flag, update_unit_price_flag, over_link_bill_flag, in_out_manage_flag, multi_account_flag, move_avg_price_flag, audit_print_flag, zero_change_amount_flag, customer_static_price_flag, tenant_id, delete_flag FROM jsh_system_config WHERE jsh_system_config.tenant_id = 63 AND (delete_flag <> ?) 
2025/12/04-08:59:25 DEBUG [http-nio-9999-exec-1] com.jsh.erp.datasource.mappers.UserMapper.selectByPrimaryKey - ==> Parameters: 63(Long)
2025/12/04-08:59:25 DEBUG [http-nio-9999-exec-4] com.jsh.erp.datasource.mappers.PlatformConfigMapper.selectByExample - ==>  Preparing: SELECT id, platform_key, platform_key_info, platform_value FROM jsh_platform_config WHERE (platform_key = ?) 
2025/12/04-08:59:25 DEBUG [http-nio-9999-exec-2] com.jsh.erp.datasource.mappers.UserMapper.selectByPrimaryKey - ==>  Preparing: SELECT id, username, login_name, password, leader_flag, position, department, email, phonenum, ismanager, isystem, status, description, remark, weixin_open_id, tenant_id, delete_flag FROM jsh_user WHERE jsh_user.tenant_id = 63 AND id = ? 
2025/12/04-08:59:25 DEBUG [http-nio-9999-exec-9] com.jsh.erp.datasource.mappers.UserMapper.selectByPrimaryKey - ==> Parameters: 63(Long)
2025/12/04-08:59:25 DEBUG [http-nio-9999-exec-3] com.jsh.erp.datasource.mappers.UserMapper.selectByPrimaryKey - ==>  Preparing: SELECT id, username, login_name, password, leader_flag, position, department, email, phonenum, ismanager, isystem, status, description, remark, weixin_open_id, tenant_id, delete_flag FROM jsh_user WHERE jsh_user.tenant_id = 63 AND id = ? 
2025/12/04-08:59:25 DEBUG [http-nio-9999-exec-10] com.jsh.erp.datasource.mappers.SystemConfigMapper.selectByExample - ==> Parameters: 1(String)
2025/12/04-08:59:25 DEBUG [http-nio-9999-exec-4] com.jsh.erp.datasource.mappers.PlatformConfigMapper.selectByExample - ==> Parameters: pay_fee_url(String)
2025/12/04-08:59:26 DEBUG [http-nio-9999-exec-3] com.jsh.erp.datasource.mappers.UserMapper.selectByPrimaryKey - ==> Parameters: 63(Long)
2025/12/04-08:59:26 DEBUG [http-nio-9999-exec-2] com.jsh.erp.datasource.mappers.UserMapper.selectByPrimaryKey - ==> Parameters: 63(Long)
2025/12/04-08:59:26 DEBUG [http-nio-9999-exec-1] com.jsh.erp.datasource.mappers.UserMapper.selectByPrimaryKey - <==      Total: 1
2025/12/04-08:59:26 DEBUG [http-nio-9999-exec-1] com.jsh.erp.datasource.mappers.UserBusinessMapperEx.getBasicDataByKeyIdAndType - ==>  Preparing: select * from jsh_user_business where key_id=? and type=? and ifnull(delete_flag,'0') !='1' 
2025/12/04-08:59:26 DEBUG [http-nio-9999-exec-9] com.jsh.erp.datasource.mappers.UserMapper.selectByPrimaryKey - <==      Total: 1
2025/12/04-08:59:26 DEBUG [http-nio-9999-exec-1] com.jsh.erp.datasource.mappers.UserBusinessMapperEx.getBasicDataByKeyIdAndType - ==> Parameters: 63(String), UserRole(String)
2025/12/04-08:59:26 DEBUG [http-nio-9999-exec-9] com.jsh.erp.datasource.mappers.UserBusinessMapperEx.getBasicDataByKeyIdAndType - ==>  Preparing: select * from jsh_user_business where key_id=? and type=? and ifnull(delete_flag,'0') !='1' 
2025/12/04-08:59:26 DEBUG [http-nio-9999-exec-10] com.jsh.erp.datasource.mappers.SystemConfigMapper.selectByExample - <==      Total: 1
2025/12/04-08:59:26 DEBUG [http-nio-9999-exec-4] com.jsh.erp.datasource.mappers.PlatformConfigMapper.selectByExample - <==      Total: 1
2025/12/04-08:59:26 DEBUG [http-nio-9999-exec-5] com.jsh.erp.datasource.mappers.UserMapper.selectByPrimaryKey - ==>  Preparing: SELECT id, username, login_name, password, leader_flag, position, department, email, phonenum, ismanager, isystem, status, description, remark, weixin_open_id, tenant_id, delete_flag FROM jsh_user WHERE jsh_user.tenant_id = 63 AND id = ? 
2025/12/04-08:59:26 DEBUG [http-nio-9999-exec-8] com.jsh.erp.datasource.mappers.UserMapper.selectByPrimaryKey - ==>  Preparing: SELECT id, username, login_name, password, leader_flag, position, department, email, phonenum, ismanager, isystem, status, description, remark, weixin_open_id, tenant_id, delete_flag FROM jsh_user WHERE jsh_user.tenant_id = 63 AND id = ? 
2025/12/04-08:59:26 DEBUG [http-nio-9999-exec-3] com.jsh.erp.datasource.mappers.UserMapper.selectByPrimaryKey - <==      Total: 1
2025/12/04-08:59:26 DEBUG [http-nio-9999-exec-2] com.jsh.erp.datasource.mappers.UserMapper.selectByPrimaryKey - <==      Total: 1
2025/12/04-08:59:26 DEBUG [http-nio-9999-exec-3] com.jsh.erp.datasource.mappers.MsgMapperEx.selectByConditionMsg_COUNT - ==>  Preparing: SELECT count(0) FROM jsh_msg WHERE jsh_msg.tenant_id = 63 AND 1 = 1 AND ifnull(delete_Flag, '0') != '1' AND user_id = ? 
2025/12/04-08:59:26 DEBUG [http-nio-9999-exec-2] com.jsh.erp.datasource.mappers.UserMapper.selectByPrimaryKey - ==>  Preparing: SELECT id, username, login_name, password, leader_flag, position, department, email, phonenum, ismanager, isystem, status, description, remark, weixin_open_id, tenant_id, delete_flag FROM jsh_user WHERE jsh_user.tenant_id = 63 AND id = ? 
2025/12/04-08:59:26 DEBUG [http-nio-9999-exec-9] com.jsh.erp.datasource.mappers.UserBusinessMapperEx.getBasicDataByKeyIdAndType - ==> Parameters: 63(String), UserRole(String)
2025/12/04-08:59:26 DEBUG [http-nio-9999-exec-5] com.jsh.erp.datasource.mappers.UserMapper.selectByPrimaryKey - ==> Parameters: 63(Long)
2025/12/04-08:59:26 DEBUG [http-nio-9999-exec-8] com.jsh.erp.datasource.mappers.UserMapper.selectByPrimaryKey - ==> Parameters: 63(Long)
2025/12/04-08:59:26 DEBUG [http-nio-9999-exec-3] com.jsh.erp.datasource.mappers.MsgMapperEx.selectByConditionMsg_COUNT - ==> Parameters: 63(Long)
2025/12/04-08:59:26 DEBUG [http-nio-9999-exec-2] com.jsh.erp.datasource.mappers.UserMapper.selectByPrimaryKey - ==> Parameters: 63(Long)
2025/12/04-08:59:27 DEBUG [http-nio-9999-exec-1] com.jsh.erp.datasource.mappers.UserBusinessMapperEx.getBasicDataByKeyIdAndType - <==      Total: 1
2025/12/04-08:59:27 DEBUG [http-nio-9999-exec-1] com.jsh.erp.datasource.mappers.UserBusinessMapperEx.getBasicDataByKeyIdAndType - ==>  Preparing: select * from jsh_user_business where key_id=? and type=? and ifnull(delete_flag,'0') !='1' 
2025/12/04-08:59:27 DEBUG [http-nio-9999-exec-1] com.jsh.erp.datasource.mappers.UserBusinessMapperEx.getBasicDataByKeyIdAndType - ==> Parameters: 10(String), RoleFunctions(String)
2025/12/04-08:59:27 DEBUG [http-nio-9999-exec-9] com.jsh.erp.datasource.mappers.UserBusinessMapperEx.getBasicDataByKeyIdAndType - <==      Total: 1
2025/12/04-08:59:27 DEBUG [http-nio-9999-exec-8] com.jsh.erp.datasource.mappers.UserMapper.selectByPrimaryKey - <==      Total: 1
2025/12/04-08:59:27 DEBUG [http-nio-9999-exec-9] com.jsh.erp.datasource.mappers.RoleMapperEx.getRoleWithoutTenant - ==>  Preparing: select * from jsh_role where 1=1 and ifnull(delete_flag,'0') !='1' and id=? 
2025/12/04-08:59:27 DEBUG [http-nio-9999-exec-8] com.jsh.erp.datasource.mappers.MsgMapper.selectByExample - ==>  Preparing: SELECT id, msg_title, msg_content, create_time, type, user_id, status, tenant_id, delete_Flag FROM jsh_msg WHERE jsh_msg.tenant_id = 63 AND (status = ? AND user_id = ? AND delete_Flag <> ?) ORDER BY id DESC 
2025/12/04-08:59:27 DEBUG [http-nio-9999-exec-5] com.jsh.erp.datasource.mappers.UserMapper.selectByPrimaryKey - <==      Total: 1
2025/12/04-08:59:27 DEBUG [http-nio-9999-exec-5] com.jsh.erp.datasource.mappers.UserMapper.selectByExample - ==>  Preparing: SELECT id, username, login_name, password, leader_flag, position, department, email, phonenum, ismanager, isystem, status, description, remark, weixin_open_id, tenant_id, delete_flag FROM jsh_user WHERE jsh_user.tenant_id = 63 AND (status = ? AND delete_flag <> ?) 
2025/12/04-08:59:27 DEBUG [http-nio-9999-exec-2] com.jsh.erp.datasource.mappers.UserMapper.selectByPrimaryKey - <==      Total: 1
2025/12/04-08:59:27 DEBUG [http-nio-9999-exec-3] com.jsh.erp.datasource.mappers.MsgMapperEx.selectByConditionMsg_COUNT - <==      Total: 1
2025/12/04-08:59:27 DEBUG [http-nio-9999-exec-3] com.jsh.erp.datasource.mappers.MsgMapperEx.selectByConditionMsg - ==>  Preparing: SELECT * FROM jsh_msg WHERE jsh_msg.tenant_id = 63 AND 1 = 1 AND ifnull(delete_Flag, '0') != '1' AND user_id = ? ORDER BY create_time DESC LIMIT ? 
2025/12/04-08:59:27 DEBUG [http-nio-9999-exec-8] com.jsh.erp.datasource.mappers.MsgMapper.selectByExample - ==> Parameters: 1(String), 63(Long), 1(String)
2025/12/04-08:59:27 DEBUG [http-nio-9999-exec-9] com.jsh.erp.datasource.mappers.RoleMapperEx.getRoleWithoutTenant - ==> Parameters: 10(Long)
2025/12/04-08:59:27 DEBUG [http-nio-9999-exec-5] com.jsh.erp.datasource.mappers.UserMapper.selectByExample - ==> Parameters: 0(Byte), 1(String)
2025/12/04-08:59:27 DEBUG [http-nio-9999-exec-2] com.jsh.erp.datasource.mappers.UserBusinessMapperEx.getBasicDataByKeyIdAndType - ==>  Preparing: select * from jsh_user_business where key_id=? and type=? and ifnull(delete_flag,'0') !='1' 
2025/12/04-08:59:27 DEBUG [http-nio-9999-exec-3] com.jsh.erp.datasource.mappers.MsgMapperEx.selectByConditionMsg - ==> Parameters: 63(Long), 5(Integer)
2025/12/04-08:59:27 DEBUG [http-nio-9999-exec-1] com.jsh.erp.datasource.mappers.UserBusinessMapperEx.getBasicDataByKeyIdAndType - <==      Total: 1
2025/12/04-08:59:27 DEBUG [http-nio-9999-exec-1] com.jsh.erp.datasource.mappers.FunctionMapper.selectByExample - ==>  Preparing: SELECT id, number, name, parent_number, url, component, state, sort, enabled, type, push_btn, icon, delete_flag FROM jsh_function WHERE (delete_flag <> ?) 
2025/12/04-08:59:27 DEBUG [http-nio-9999-exec-2] com.jsh.erp.datasource.mappers.UserBusinessMapperEx.getBasicDataByKeyIdAndType - ==> Parameters: 63(String), UserRole(String)
2025/12/04-08:59:28 DEBUG [http-nio-9999-exec-1] com.jsh.erp.datasource.mappers.FunctionMapper.selectByExample - ==> Parameters: 1(String)
2025/12/04-08:59:28 DEBUG [http-nio-9999-exec-8] com.jsh.erp.datasource.mappers.MsgMapper.selectByExample - <==      Total: 0
2025/12/04-08:59:28 DEBUG [http-nio-9999-exec-7] com.jsh.erp.datasource.mappers.PlatformConfigMapper.selectByExample - ==>  Preparing: SELECT id, platform_key, platform_key_info, platform_value FROM jsh_platform_config WHERE (platform_key = ?) 
2025/12/04-08:59:28 DEBUG [http-nio-9999-exec-5] com.jsh.erp.datasource.mappers.UserMapper.selectByExample - <==      Total: 2
2025/12/04-08:59:28 DEBUG [http-nio-9999-exec-9] com.jsh.erp.datasource.mappers.RoleMapperEx.getRoleWithoutTenant - <==      Total: 1
2025/12/04-08:59:28 DEBUG [http-nio-9999-exec-5] com.jsh.erp.datasource.mappers.TenantMapper.selectByExample - ==>  Preparing: SELECT id, tenant_id, login_name, user_num_limit, type, enabled, create_time, expire_time, remark, delete_flag FROM jsh_tenant WHERE (tenant_id = ? AND delete_flag <> ?) 
2025/12/04-08:59:28 DEBUG [http-nio-9999-exec-3] com.jsh.erp.datasource.mappers.MsgMapperEx.selectByConditionMsg - <==      Total: 1
2025/12/04-08:59:28 DEBUG [http-nio-9999-exec-7] com.jsh.erp.datasource.mappers.PlatformConfigMapper.selectByExample - ==> Parameters: pay_fee_url(String)
2025/12/04-08:59:28 DEBUG [http-nio-9999-exec-5] com.jsh.erp.datasource.mappers.TenantMapper.selectByExample - ==> Parameters: 63(Long), 1(String)
2025/12/04-08:59:28 DEBUG [http-nio-9999-exec-1] com.jsh.erp.datasource.mappers.FunctionMapper.selectByExample - <==      Total: 64
2025/12/04-08:59:28 DEBUG [http-nio-9999-exec-2] com.jsh.erp.datasource.mappers.UserBusinessMapperEx.getBasicDataByKeyIdAndType - <==      Total: 1
2025/12/04-08:59:28 DEBUG [http-nio-9999-exec-2] com.jsh.erp.datasource.mappers.RoleMapperEx.getRoleWithoutTenant - ==>  Preparing: select * from jsh_role where 1=1 and ifnull(delete_flag,'0') !='1' and id=? 
2025/12/04-08:59:28 DEBUG [http-nio-9999-exec-2] com.jsh.erp.datasource.mappers.RoleMapperEx.getRoleWithoutTenant - ==> Parameters: 10(Long)
2025/12/04-08:59:28 DEBUG [http-nio-9999-exec-7] com.jsh.erp.datasource.mappers.PlatformConfigMapper.selectByExample - <==      Total: 1
2025/12/04-08:59:29 DEBUG [http-nio-9999-exec-9] com.jsh.erp.datasource.mappers.SystemConfigMapper.selectByExample - ==>  Preparing: SELECT id, company_name, company_contacts, company_address, company_tel, company_fax, company_post_code, sale_agreement, depot_flag, customer_flag, minus_stock_flag, purchase_by_sale_flag, multi_level_approval_flag, multi_bill_type, force_approval_flag, update_unit_price_flag, over_link_bill_flag, in_out_manage_flag, multi_account_flag, move_avg_price_flag, audit_print_flag, zero_change_amount_flag, customer_static_price_flag, tenant_id, delete_flag FROM jsh_system_config WHERE jsh_system_config.tenant_id = 63 AND (delete_flag <> ?) 
2025/12/04-08:59:29 DEBUG [http-nio-9999-exec-5] com.jsh.erp.datasource.mappers.TenantMapper.selectByExample - <==      Total: 1
2025/12/04-08:59:29 DEBUG [http-nio-9999-exec-9] com.jsh.erp.datasource.mappers.SystemConfigMapper.selectByExample - ==> Parameters: 1(String)
2025/12/04-08:59:29 DEBUG [http-nio-9999-exec-2] com.jsh.erp.datasource.mappers.RoleMapperEx.getRoleWithoutTenant - <==      Total: 1
2025/12/04-08:59:29 DEBUG [http-nio-9999-exec-9] com.jsh.erp.datasource.mappers.SystemConfigMapper.selectByExample - <==      Total: 1
2025/12/04-08:59:29 DEBUG [http-nio-9999-exec-9] com.jsh.erp.datasource.mappers.UserMapper.selectByPrimaryKey - ==>  Preparing: SELECT id, username, login_name, password, leader_flag, position, department, email, phonenum, ismanager, isystem, status, description, remark, weixin_open_id, tenant_id, delete_flag FROM jsh_user WHERE jsh_user.tenant_id = 63 AND id = ? 
2025/12/04-08:59:30 DEBUG [http-nio-9999-exec-9] com.jsh.erp.datasource.mappers.UserMapper.selectByPrimaryKey - ==> Parameters: 63(Long)
2025/12/04-08:59:30 DEBUG [http-nio-9999-exec-2] com.jsh.erp.datasource.mappers.SystemConfigMapper.selectByExample - ==>  Preparing: SELECT id, company_name, company_contacts, company_address, company_tel, company_fax, company_post_code, sale_agreement, depot_flag, customer_flag, minus_stock_flag, purchase_by_sale_flag, multi_level_approval_flag, multi_bill_type, force_approval_flag, update_unit_price_flag, over_link_bill_flag, in_out_manage_flag, multi_account_flag, move_avg_price_flag, audit_print_flag, zero_change_amount_flag, customer_static_price_flag, tenant_id, delete_flag FROM jsh_system_config WHERE jsh_system_config.tenant_id = 63 AND (delete_flag <> ?) 
2025/12/04-08:59:30 DEBUG [http-nio-9999-exec-2] com.jsh.erp.datasource.mappers.SystemConfigMapper.selectByExample - ==> Parameters: 1(String)
2025/12/04-08:59:30 DEBUG [http-nio-9999-exec-9] com.jsh.erp.datasource.mappers.UserMapper.selectByPrimaryKey - <==      Total: 1
2025/12/04-08:59:30 DEBUG [http-nio-9999-exec-9] com.jsh.erp.datasource.mappers.UserBusinessMapperEx.getBasicDataByKeyIdAndType - ==>  Preparing: select * from jsh_user_business where key_id=? and type=? and ifnull(delete_flag,'0') !='1' 
2025/12/04-08:59:31 DEBUG [http-nio-9999-exec-2] com.jsh.erp.datasource.mappers.SystemConfigMapper.selectByExample - <==      Total: 1
2025/12/04-08:59:31 DEBUG [http-nio-9999-exec-2] com.jsh.erp.datasource.mappers.DepotItemMapperEx.inOrOutPriceList - ==>  Preparing: SELECT DISTINCT dh.id, dh.discount_last_money, dh.total_price, dh.type, dh.sub_type, dh.oper_time FROM jsh_depot_head dh LEFT JOIN jsh_depot_item di ON di.tenant_id = 63 AND dh.id = di.header_id AND ifnull(di.delete_flag, '0') != '1' WHERE dh.tenant_id = 63 AND di.id IS NOT NULL AND (dh.type = '入库' OR dh.type = '出库') AND dh.oper_time >= ? AND dh.oper_time <= ? AND ifnull(dh.delete_flag, '0') != '1' 
2025/12/04-08:59:31 DEBUG [http-nio-9999-exec-9] com.jsh.erp.datasource.mappers.UserBusinessMapperEx.getBasicDataByKeyIdAndType - ==> Parameters: 63(String), UserRole(String)
2025/12/04-08:59:31 DEBUG [http-nio-9999-exec-2] com.jsh.erp.datasource.mappers.DepotItemMapperEx.inOrOutPriceList - ==> Parameters: 2025-07-01 00:00:00(String), 2025-12-04 23:59:59(String)
2025/12/04-08:59:31 DEBUG [http-nio-9999-exec-9] com.jsh.erp.datasource.mappers.UserBusinessMapperEx.getBasicDataByKeyIdAndType - <==      Total: 1
2025/12/04-08:59:31 DEBUG [http-nio-9999-exec-9] com.jsh.erp.datasource.mappers.RoleMapperEx.getRoleWithoutTenant - ==>  Preparing: select * from jsh_role where 1=1 and ifnull(delete_flag,'0') !='1' and id=? 
2025/12/04-08:59:32 DEBUG [http-nio-9999-exec-9] com.jsh.erp.datasource.mappers.RoleMapperEx.getRoleWithoutTenant - ==> Parameters: 10(Long)
2025/12/04-08:59:32 DEBUG [http-nio-9999-exec-9] com.jsh.erp.datasource.mappers.RoleMapperEx.getRoleWithoutTenant - <==      Total: 1
2025/12/04-08:59:32 DEBUG [http-nio-9999-exec-2] com.jsh.erp.datasource.mappers.DepotItemMapperEx.inOrOutPriceList - <==      Total: 0
2025/12/04-08:59:33 DEBUG [http-nio-9999-exec-2] com.jsh.erp.datasource.mappers.UserBusinessMapperEx.getBasicDataByKeyIdAndType - ==>  Preparing: select * from jsh_user_business where key_id=? and type=? and ifnull(delete_flag,'0') !='1' 
2025/12/04-08:59:33 DEBUG [http-nio-9999-exec-2] com.jsh.erp.datasource.mappers.UserBusinessMapperEx.getBasicDataByKeyIdAndType - ==> Parameters: 63(String), UserRole(String)
2025/12/04-08:59:33 DEBUG [http-nio-9999-exec-9] com.jsh.erp.datasource.mappers.DepotHeadMapperEx.getBuyAndSaleStatisticsList - ==>  Preparing: SELECT DISTINCT dh.id, dh.discount_last_money, dh.total_price, dh.type, dh.sub_type, dh.oper_time FROM jsh_depot_head dh LEFT JOIN jsh_depot_item di ON di.tenant_id = 63 AND dh.id = di.header_id AND ifnull(di.delete_flag, '0') != '1' WHERE dh.tenant_id = 63 AND di.id IS NOT NULL AND (dh.type = '入库' OR dh.type = '出库') AND dh.oper_time >= ? AND dh.oper_time <= ? AND ifnull(dh.delete_flag, '0') != '1' 
2025/12/04-08:59:33 DEBUG [http-nio-9999-exec-9] com.jsh.erp.datasource.mappers.DepotHeadMapperEx.getBuyAndSaleStatisticsList - ==> Parameters: 2025-01-01 00:00:00(String), 2025-12-31 23:59:59(String)
2025/12/04-08:59:33 DEBUG [http-nio-9999-exec-2] com.jsh.erp.datasource.mappers.UserBusinessMapperEx.getBasicDataByKeyIdAndType - <==      Total: 1
2025/12/04-08:59:33 DEBUG [http-nio-9999-exec-2] com.jsh.erp.datasource.mappers.RoleMapperEx.getRoleWithoutTenant - ==>  Preparing: select * from jsh_role where 1=1 and ifnull(delete_flag,'0') !='1' and id=? 
2025/12/04-08:59:34 DEBUG [http-nio-9999-exec-2] com.jsh.erp.datasource.mappers.RoleMapperEx.getRoleWithoutTenant - ==> Parameters: 10(Long)
2025/12/04-08:59:34 DEBUG [http-nio-9999-exec-9] com.jsh.erp.datasource.mappers.DepotHeadMapperEx.getBuyAndSaleStatisticsList - <==      Total: 0
2025/12/04-08:59:34 DEBUG [http-nio-9999-exec-2] com.jsh.erp.datasource.mappers.RoleMapperEx.getRoleWithoutTenant - <==      Total: 1
2025/12/04-08:59:36 DEBUG [http-nio-9999-exec-6] com.jsh.erp.datasource.mappers.LcAgencyMapperEx.selectByCondition_COUNT - ==>  Preparing: SELECT count(0) FROM LC_Agency WHERE LC_Agency.tenant_id = 63 AND 1 = 1 
2025/12/04-08:59:36 DEBUG [http-nio-9999-exec-6] com.jsh.erp.datasource.mappers.LcAgencyMapperEx.selectByCondition_COUNT - ==> Parameters: 
2025/12/04-08:59:37 DEBUG [http-nio-9999-exec-6] com.jsh.erp.datasource.mappers.LcAgencyMapperEx.selectByCondition_COUNT - <==      Total: 1
2025/12/04-09:46:42 DEBUG [http-nio-9999-exec-10] com.jsh.erp.datasource.mappers.PlatformConfigMapper.selectByExample - ==>  Preparing: SELECT id, platform_key, platform_key_info, platform_value FROM jsh_platform_config WHERE (platform_key = ?) 
2025/12/04-09:46:42 DEBUG [http-nio-9999-exec-10] com.jsh.erp.datasource.mappers.PlatformConfigMapper.selectByExample - ==> Parameters: platform_name(String)
2025/12/04-09:46:43 DEBUG [http-nio-9999-exec-10] com.jsh.erp.datasource.mappers.PlatformConfigMapper.selectByExample - <==      Total: 1
2025/12/04-09:46:43 DEBUG [http-nio-9999-exec-4] com.jsh.erp.datasource.mappers.PlatformConfigMapper.selectByExample - ==>  Preparing: SELECT id, platform_key, platform_key_info, platform_value FROM jsh_platform_config WHERE (platform_key = ?) 
2025/12/04-09:46:43 DEBUG [http-nio-9999-exec-4] com.jsh.erp.datasource.mappers.PlatformConfigMapper.selectByExample - ==> Parameters: platform_url(String)
2025/12/04-09:46:44 DEBUG [http-nio-9999-exec-4] com.jsh.erp.datasource.mappers.PlatformConfigMapper.selectByExample - <==      Total: 1
2025/12/04-09:46:44 DEBUG [http-nio-9999-exec-8] com.jsh.erp.datasource.mappers.UserBusinessMapperEx.getBasicDataByKeyIdAndType - ==>  Preparing: select * from jsh_user_business where key_id=? and type=? and ifnull(delete_flag,'0') !='1' 
2025/12/04-09:46:44 DEBUG [http-nio-9999-exec-8] com.jsh.erp.datasource.mappers.UserBusinessMapperEx.getBasicDataByKeyIdAndType - ==> Parameters: 63(String), UserRole(String)
2025/12/04-09:46:45 DEBUG [http-nio-9999-exec-8] com.jsh.erp.datasource.mappers.UserBusinessMapperEx.getBasicDataByKeyIdAndType - <==      Total: 1
2025/12/04-09:46:45 DEBUG [http-nio-9999-exec-8] com.jsh.erp.datasource.mappers.UserBusinessMapperEx.getBasicDataByKeyIdAndType - ==>  Preparing: select * from jsh_user_business where key_id=? and type=? and ifnull(delete_flag,'0') !='1' 
2025/12/04-09:46:45 DEBUG [http-nio-9999-exec-8] com.jsh.erp.datasource.mappers.UserBusinessMapperEx.getBasicDataByKeyIdAndType - ==> Parameters: 10(String), RoleFunctions(String)
2025/12/04-09:46:46 DEBUG [http-nio-9999-exec-8] com.jsh.erp.datasource.mappers.UserBusinessMapperEx.getBasicDataByKeyIdAndType - <==      Total: 1
2025/12/04-09:46:46 DEBUG [http-nio-9999-exec-8] com.jsh.erp.datasource.mappers.SystemConfigMapper.selectByExample - ==>  Preparing: SELECT id, company_name, company_contacts, company_address, company_tel, company_fax, company_post_code, sale_agreement, depot_flag, customer_flag, minus_stock_flag, purchase_by_sale_flag, multi_level_approval_flag, multi_bill_type, force_approval_flag, update_unit_price_flag, over_link_bill_flag, in_out_manage_flag, multi_account_flag, move_avg_price_flag, audit_print_flag, zero_change_amount_flag, customer_static_price_flag, tenant_id, delete_flag FROM jsh_system_config WHERE jsh_system_config.tenant_id = 63 AND (delete_flag <> ?) 
2025/12/04-09:46:46 DEBUG [http-nio-9999-exec-8] com.jsh.erp.datasource.mappers.SystemConfigMapper.selectByExample - ==> Parameters: 1(String)
2025/12/04-09:46:47 DEBUG [http-nio-9999-exec-8] com.jsh.erp.datasource.mappers.SystemConfigMapper.selectByExample - <==      Total: 1
2025/12/04-09:46:47 DEBUG [http-nio-9999-exec-8] com.jsh.erp.datasource.mappers.FunctionMapper.selectByExample - ==>  Preparing: SELECT id, number, name, parent_number, url, component, state, sort, enabled, type, push_btn, icon, delete_flag FROM jsh_function WHERE (enabled = ? AND parent_number = ? AND delete_flag <> ?) ORDER BY Sort 
2025/12/04-09:46:47 DEBUG [http-nio-9999-exec-8] com.jsh.erp.datasource.mappers.FunctionMapper.selectByExample - ==> Parameters: true(Boolean), 0(String), 1(String)
2025/12/04-09:46:47 DEBUG [http-nio-9999-exec-8] com.jsh.erp.datasource.mappers.FunctionMapper.selectByExample - <==      Total: 9
2025/12/04-09:46:47 DEBUG [http-nio-9999-exec-8] com.jsh.erp.datasource.mappers.UserMapper.selectByPrimaryKey - ==>  Preparing: SELECT id, username, login_name, password, leader_flag, position, department, email, phonenum, ismanager, isystem, status, description, remark, weixin_open_id, tenant_id, delete_flag FROM jsh_user WHERE jsh_user.tenant_id = 63 AND id = ? 
2025/12/04-09:46:48 DEBUG [http-nio-9999-exec-8] com.jsh.erp.datasource.mappers.UserMapper.selectByPrimaryKey - ==> Parameters: 63(Long)
2025/12/04-09:46:48 DEBUG [http-nio-9999-exec-8] com.jsh.erp.datasource.mappers.UserMapper.selectByPrimaryKey - <==      Total: 1
2025/12/04-09:46:48 DEBUG [http-nio-9999-exec-8] com.jsh.erp.datasource.mappers.UserMapper.selectByPrimaryKey - ==>  Preparing: SELECT id, username, login_name, password, leader_flag, position, department, email, phonenum, ismanager, isystem, status, description, remark, weixin_open_id, tenant_id, delete_flag FROM jsh_user WHERE jsh_user.tenant_id = 63 AND id = ? 
2025/12/04-09:46:49 DEBUG [http-nio-9999-exec-8] com.jsh.erp.datasource.mappers.UserMapper.selectByPrimaryKey - ==> Parameters: 63(Long)
2025/12/04-09:46:49 DEBUG [http-nio-9999-exec-8] com.jsh.erp.datasource.mappers.UserMapper.selectByPrimaryKey - <==      Total: 1
2025/12/04-09:46:49 DEBUG [http-nio-9999-exec-8] com.jsh.erp.datasource.mappers.UserBusinessMapperEx.getBasicDataByKeyIdAndType - ==>  Preparing: select * from jsh_user_business where key_id=? and type=? and ifnull(delete_flag,'0') !='1' 
2025/12/04-09:46:49 DEBUG [http-nio-9999-exec-8] com.jsh.erp.datasource.mappers.UserBusinessMapperEx.getBasicDataByKeyIdAndType - ==> Parameters: 63(String), UserRole(String)
2025/12/04-09:46:50 DEBUG [http-nio-9999-exec-8] com.jsh.erp.datasource.mappers.UserBusinessMapperEx.getBasicDataByKeyIdAndType - <==      Total: 1
2025/12/04-09:46:50 DEBUG [http-nio-9999-exec-8] com.jsh.erp.datasource.mappers.UserBusinessMapperEx.getBasicDataByKeyIdAndType - ==>  Preparing: select * from jsh_user_business where key_id=? and type=? and ifnull(delete_flag,'0') !='1' 
2025/12/04-09:46:50 DEBUG [http-nio-9999-exec-8] com.jsh.erp.datasource.mappers.UserBusinessMapperEx.getBasicDataByKeyIdAndType - ==> Parameters: 10(String), RoleFunctions(String)
2025/12/04-09:46:51 DEBUG [http-nio-9999-exec-8] com.jsh.erp.datasource.mappers.UserBusinessMapperEx.getBasicDataByKeyIdAndType - <==      Total: 1
2025/12/04-09:46:51 DEBUG [http-nio-9999-exec-8] com.jsh.erp.datasource.mappers.FunctionMapper.selectByExample - ==>  Preparing: SELECT id, number, name, parent_number, url, component, state, sort, enabled, type, push_btn, icon, delete_flag FROM jsh_function WHERE (enabled = ? AND parent_number = ? AND delete_flag <> ?) ORDER BY Sort 
2025/12/04-09:46:51 DEBUG [http-nio-9999-exec-8] com.jsh.erp.datasource.mappers.FunctionMapper.selectByExample - ==> Parameters: true(Boolean), 0401(String), 1(String)
2025/12/04-09:46:52 DEBUG [http-nio-9999-exec-8] com.jsh.erp.datasource.mappers.FunctionMapper.selectByExample - <==      Total: 2
2025/12/04-09:46:52 DEBUG [http-nio-9999-exec-8] com.jsh.erp.datasource.mappers.FunctionMapper.selectByExample - ==>  Preparing: SELECT id, number, name, parent_number, url, component, state, sort, enabled, type, push_btn, icon, delete_flag FROM jsh_function WHERE (enabled = ? AND parent_number = ? AND delete_flag <> ?) ORDER BY Sort 
2025/12/04-09:46:52 DEBUG [http-nio-9999-exec-8] com.jsh.erp.datasource.mappers.FunctionMapper.selectByExample - ==> Parameters: true(Boolean), 040102(String), 1(String)
2025/12/04-09:46:52 DEBUG [http-nio-9999-exec-8] com.jsh.erp.datasource.mappers.FunctionMapper.selectByExample - <==      Total: 0
2025/12/04-09:46:52 DEBUG [http-nio-9999-exec-8] com.jsh.erp.datasource.mappers.FunctionMapper.selectByExample - ==>  Preparing: SELECT id, number, name, parent_number, url, component, state, sort, enabled, type, push_btn, icon, delete_flag FROM jsh_function WHERE (enabled = ? AND parent_number = ? AND delete_flag <> ?) ORDER BY Sort 
2025/12/04-09:46:53 DEBUG [http-nio-9999-exec-8] com.jsh.erp.datasource.mappers.FunctionMapper.selectByExample - ==> Parameters: true(Boolean), 040104(String), 1(String)
2025/12/04-09:46:53 DEBUG [http-nio-9999-exec-8] com.jsh.erp.datasource.mappers.FunctionMapper.selectByExample - <==      Total: 0
2025/12/04-09:46:53 DEBUG [http-nio-9999-exec-8] com.jsh.erp.datasource.mappers.FunctionMapper.selectByExample - ==>  Preparing: SELECT id, number, name, parent_number, url, component, state, sort, enabled, type, push_btn, icon, delete_flag FROM jsh_function WHERE (enabled = ? AND parent_number = ? AND delete_flag <> ?) ORDER BY Sort 
2025/12/04-09:46:53 DEBUG [http-nio-9999-exec-8] com.jsh.erp.datasource.mappers.FunctionMapper.selectByExample - ==> Parameters: true(Boolean), 0502(String), 1(String)
2025/12/04-09:46:54 DEBUG [http-nio-9999-exec-8] com.jsh.erp.datasource.mappers.FunctionMapper.selectByExample - <==      Total: 4
2025/12/04-09:46:54 DEBUG [http-nio-9999-exec-8] com.jsh.erp.datasource.mappers.FunctionMapper.selectByExample - ==>  Preparing: SELECT id, number, name, parent_number, url, component, state, sort, enabled, type, push_btn, icon, delete_flag FROM jsh_function WHERE (enabled = ? AND parent_number = ? AND delete_flag <> ?) ORDER BY Sort 
2025/12/04-09:46:54 DEBUG [http-nio-9999-exec-8] com.jsh.erp.datasource.mappers.FunctionMapper.selectByExample - ==> Parameters: true(Boolean), 050203(String), 1(String)
2025/12/04-09:46:55 DEBUG [http-nio-9999-exec-8] com.jsh.erp.datasource.mappers.FunctionMapper.selectByExample - <==      Total: 0
2025/12/04-09:46:55 DEBUG [http-nio-9999-exec-8] com.jsh.erp.datasource.mappers.FunctionMapper.selectByExample - ==>  Preparing: SELECT id, number, name, parent_number, url, component, state, sort, enabled, type, push_btn, icon, delete_flag FROM jsh_function WHERE (enabled = ? AND parent_number = ? AND delete_flag <> ?) ORDER BY Sort 
2025/12/04-09:46:55 DEBUG [http-nio-9999-exec-8] com.jsh.erp.datasource.mappers.FunctionMapper.selectByExample - ==> Parameters: true(Boolean), 050202(String), 1(String)
2025/12/04-09:46:56 DEBUG [http-nio-9999-exec-8] com.jsh.erp.datasource.mappers.FunctionMapper.selectByExample - <==      Total: 0
2025/12/04-09:46:56 DEBUG [http-nio-9999-exec-8] com.jsh.erp.datasource.mappers.FunctionMapper.selectByExample - ==>  Preparing: SELECT id, number, name, parent_number, url, component, state, sort, enabled, type, push_btn, icon, delete_flag FROM jsh_function WHERE (enabled = ? AND parent_number = ? AND delete_flag <> ?) ORDER BY Sort 
2025/12/04-09:46:56 DEBUG [http-nio-9999-exec-8] com.jsh.erp.datasource.mappers.FunctionMapper.selectByExample - ==> Parameters: true(Boolean), 050201(String), 1(String)
2025/12/04-09:46:56 DEBUG [http-nio-9999-exec-8] com.jsh.erp.datasource.mappers.FunctionMapper.selectByExample - <==      Total: 0
2025/12/04-09:46:56 DEBUG [http-nio-9999-exec-8] com.jsh.erp.datasource.mappers.FunctionMapper.selectByExample - ==>  Preparing: SELECT id, number, name, parent_number, url, component, state, sort, enabled, type, push_btn, icon, delete_flag FROM jsh_function WHERE (enabled = ? AND parent_number = ? AND delete_flag <> ?) ORDER BY Sort 
2025/12/04-09:46:57 DEBUG [http-nio-9999-exec-8] com.jsh.erp.datasource.mappers.FunctionMapper.selectByExample - ==> Parameters: true(Boolean), 050204(String), 1(String)
2025/12/04-09:46:57 DEBUG [http-nio-9999-exec-8] com.jsh.erp.datasource.mappers.FunctionMapper.selectByExample - <==      Total: 0
2025/12/04-09:46:57 DEBUG [http-nio-9999-exec-8] com.jsh.erp.datasource.mappers.FunctionMapper.selectByExample - ==>  Preparing: SELECT id, number, name, parent_number, url, component, state, sort, enabled, type, push_btn, icon, delete_flag FROM jsh_function WHERE (enabled = ? AND parent_number = ? AND delete_flag <> ?) ORDER BY Sort 
2025/12/04-09:46:57 DEBUG [http-nio-9999-exec-8] com.jsh.erp.datasource.mappers.FunctionMapper.selectByExample - ==> Parameters: true(Boolean), 0603(String), 1(String)
2025/12/04-09:46:58 DEBUG [http-nio-9999-exec-8] com.jsh.erp.datasource.mappers.FunctionMapper.selectByExample - <==      Total: 3
2025/12/04-09:46:58 DEBUG [http-nio-9999-exec-8] com.jsh.erp.datasource.mappers.FunctionMapper.selectByExample - ==>  Preparing: SELECT id, number, name, parent_number, url, component, state, sort, enabled, type, push_btn, icon, delete_flag FROM jsh_function WHERE (enabled = ? AND parent_number = ? AND delete_flag <> ?) ORDER BY Sort 
2025/12/04-09:46:58 DEBUG [http-nio-9999-exec-8] com.jsh.erp.datasource.mappers.FunctionMapper.selectByExample - ==> Parameters: true(Boolean), 060301(String), 1(String)
2025/12/04-09:46:59 DEBUG [http-nio-9999-exec-8] com.jsh.erp.datasource.mappers.FunctionMapper.selectByExample - <==      Total: 0
2025/12/04-09:46:59 DEBUG [http-nio-9999-exec-8] com.jsh.erp.datasource.mappers.FunctionMapper.selectByExample - ==>  Preparing: SELECT id, number, name, parent_number, url, component, state, sort, enabled, type, push_btn, icon, delete_flag FROM jsh_function WHERE (enabled = ? AND parent_number = ? AND delete_flag <> ?) ORDER BY Sort 
2025/12/04-09:46:59 DEBUG [http-nio-9999-exec-8] com.jsh.erp.datasource.mappers.FunctionMapper.selectByExample - ==> Parameters: true(Boolean), 060303(String), 1(String)
2025/12/04-09:47:00 DEBUG [http-nio-9999-exec-8] com.jsh.erp.datasource.mappers.FunctionMapper.selectByExample - <==      Total: 0
2025/12/04-09:47:00 DEBUG [http-nio-9999-exec-8] com.jsh.erp.datasource.mappers.FunctionMapper.selectByExample - ==>  Preparing: SELECT id, number, name, parent_number, url, component, state, sort, enabled, type, push_btn, icon, delete_flag FROM jsh_function WHERE (enabled = ? AND parent_number = ? AND delete_flag <> ?) ORDER BY Sort 
2025/12/04-09:47:00 DEBUG [http-nio-9999-exec-8] com.jsh.erp.datasource.mappers.FunctionMapper.selectByExample - ==> Parameters: true(Boolean), 060305(String), 1(String)
2025/12/04-09:47:00 DEBUG [http-nio-9999-exec-8] com.jsh.erp.datasource.mappers.FunctionMapper.selectByExample - <==      Total: 0
2025/12/04-09:47:00 DEBUG [http-nio-9999-exec-8] com.jsh.erp.datasource.mappers.FunctionMapper.selectByExample - ==>  Preparing: SELECT id, number, name, parent_number, url, component, state, sort, enabled, type, push_btn, icon, delete_flag FROM jsh_function WHERE (enabled = ? AND parent_number = ? AND delete_flag <> ?) ORDER BY Sort 
2025/12/04-09:47:01 DEBUG [http-nio-9999-exec-8] com.jsh.erp.datasource.mappers.FunctionMapper.selectByExample - ==> Parameters: true(Boolean), 0801(String), 1(String)
2025/12/04-09:47:01 DEBUG [http-nio-9999-exec-8] com.jsh.erp.datasource.mappers.FunctionMapper.selectByExample - <==      Total: 5
2025/12/04-09:47:01 DEBUG [http-nio-9999-exec-8] com.jsh.erp.datasource.mappers.FunctionMapper.selectByExample - ==>  Preparing: SELECT id, number, name, parent_number, url, component, state, sort, enabled, type, push_btn, icon, delete_flag FROM jsh_function WHERE (enabled = ? AND parent_number = ? AND delete_flag <> ?) ORDER BY Sort 
2025/12/04-09:47:01 DEBUG [http-nio-9999-exec-8] com.jsh.erp.datasource.mappers.FunctionMapper.selectByExample - ==> Parameters: true(Boolean), 080103(String), 1(String)
2025/12/04-09:47:02 DEBUG [http-nio-9999-exec-8] com.jsh.erp.datasource.mappers.FunctionMapper.selectByExample - <==      Total: 0
2025/12/04-09:47:02 DEBUG [http-nio-9999-exec-8] com.jsh.erp.datasource.mappers.FunctionMapper.selectByExample - ==>  Preparing: SELECT id, number, name, parent_number, url, component, state, sort, enabled, type, push_btn, icon, delete_flag FROM jsh_function WHERE (enabled = ? AND parent_number = ? AND delete_flag <> ?) ORDER BY Sort 
2025/12/04-09:47:02 DEBUG [http-nio-9999-exec-8] com.jsh.erp.datasource.mappers.FunctionMapper.selectByExample - ==> Parameters: true(Boolean), 080105(String), 1(String)
2025/12/04-09:47:03 DEBUG [http-nio-9999-exec-8] com.jsh.erp.datasource.mappers.FunctionMapper.selectByExample - <==      Total: 0
2025/12/04-09:47:03 DEBUG [http-nio-9999-exec-8] com.jsh.erp.datasource.mappers.FunctionMapper.selectByExample - ==>  Preparing: SELECT id, number, name, parent_number, url, component, state, sort, enabled, type, push_btn, icon, delete_flag FROM jsh_function WHERE (enabled = ? AND parent_number = ? AND delete_flag <> ?) ORDER BY Sort 
2025/12/04-09:47:03 DEBUG [http-nio-9999-exec-8] com.jsh.erp.datasource.mappers.FunctionMapper.selectByExample - ==> Parameters: true(Boolean), 080107(String), 1(String)
2025/12/04-09:47:04 DEBUG [http-nio-9999-exec-8] com.jsh.erp.datasource.mappers.FunctionMapper.selectByExample - <==      Total: 0
2025/12/04-09:47:04 DEBUG [http-nio-9999-exec-8] com.jsh.erp.datasource.mappers.FunctionMapper.selectByExample - ==>  Preparing: SELECT id, number, name, parent_number, url, component, state, sort, enabled, type, push_btn, icon, delete_flag FROM jsh_function WHERE (enabled = ? AND parent_number = ? AND delete_flag <> ?) ORDER BY Sort 
2025/12/04-09:47:04 DEBUG [http-nio-9999-exec-8] com.jsh.erp.datasource.mappers.FunctionMapper.selectByExample - ==> Parameters: true(Boolean), 080109(String), 1(String)
2025/12/04-09:47:04 DEBUG [http-nio-9999-exec-8] com.jsh.erp.datasource.mappers.FunctionMapper.selectByExample - <==      Total: 0
2025/12/04-09:47:04 DEBUG [http-nio-9999-exec-8] com.jsh.erp.datasource.mappers.FunctionMapper.selectByExample - ==>  Preparing: SELECT id, number, name, parent_number, url, component, state, sort, enabled, type, push_btn, icon, delete_flag FROM jsh_function WHERE (enabled = ? AND parent_number = ? AND delete_flag <> ?) ORDER BY Sort 
2025/12/04-09:47:05 DEBUG [http-nio-9999-exec-8] com.jsh.erp.datasource.mappers.FunctionMapper.selectByExample - ==> Parameters: true(Boolean), 080111(String), 1(String)
2025/12/04-09:47:05 DEBUG [http-nio-9999-exec-8] com.jsh.erp.datasource.mappers.FunctionMapper.selectByExample - <==      Total: 0
2025/12/04-09:47:05 DEBUG [http-nio-9999-exec-8] com.jsh.erp.datasource.mappers.FunctionMapper.selectByExample - ==>  Preparing: SELECT id, number, name, parent_number, url, component, state, sort, enabled, type, push_btn, icon, delete_flag FROM jsh_function WHERE (enabled = ? AND parent_number = ? AND delete_flag <> ?) ORDER BY Sort 
2025/12/04-09:47:05 DEBUG [http-nio-9999-exec-8] com.jsh.erp.datasource.mappers.FunctionMapper.selectByExample - ==> Parameters: true(Boolean), 0704(String), 1(String)
2025/12/04-09:47:06 DEBUG [http-nio-9999-exec-8] com.jsh.erp.datasource.mappers.FunctionMapper.selectByExample - <==      Total: 6
2025/12/04-09:47:06 DEBUG [http-nio-9999-exec-8] com.jsh.erp.datasource.mappers.FunctionMapper.selectByExample - ==>  Preparing: SELECT id, number, name, parent_number, url, component, state, sort, enabled, type, push_btn, icon, delete_flag FROM jsh_function WHERE (enabled = ? AND parent_number = ? AND delete_flag <> ?) ORDER BY Sort 
2025/12/04-09:47:06 DEBUG [http-nio-9999-exec-8] com.jsh.erp.datasource.mappers.FunctionMapper.selectByExample - ==> Parameters: true(Boolean), 070402(String), 1(String)
2025/12/04-09:47:07 DEBUG [http-nio-9999-exec-8] com.jsh.erp.datasource.mappers.FunctionMapper.selectByExample - <==      Total: 0
2025/12/04-09:47:07 DEBUG [http-nio-9999-exec-8] com.jsh.erp.datasource.mappers.FunctionMapper.selectByExample - ==>  Preparing: SELECT id, number, name, parent_number, url, component, state, sort, enabled, type, push_btn, icon, delete_flag FROM jsh_function WHERE (enabled = ? AND parent_number = ? AND delete_flag <> ?) ORDER BY Sort 
2025/12/04-09:47:07 DEBUG [http-nio-9999-exec-8] com.jsh.erp.datasource.mappers.FunctionMapper.selectByExample - ==> Parameters: true(Boolean), 070403(String), 1(String)
2025/12/04-09:47:08 DEBUG [http-nio-9999-exec-8] com.jsh.erp.datasource.mappers.FunctionMapper.selectByExample - <==      Total: 0
2025/12/04-09:47:08 DEBUG [http-nio-9999-exec-8] com.jsh.erp.datasource.mappers.FunctionMapper.selectByExample - ==>  Preparing: SELECT id, number, name, parent_number, url, component, state, sort, enabled, type, push_btn, icon, delete_flag FROM jsh_function WHERE (enabled = ? AND parent_number = ? AND delete_flag <> ?) ORDER BY Sort 
2025/12/04-09:47:08 DEBUG [http-nio-9999-exec-8] com.jsh.erp.datasource.mappers.FunctionMapper.selectByExample - ==> Parameters: true(Boolean), 070404(String), 1(String)
2025/12/04-09:47:08 DEBUG [http-nio-9999-exec-8] com.jsh.erp.datasource.mappers.FunctionMapper.selectByExample - <==      Total: 0
2025/12/04-09:47:08 DEBUG [http-nio-9999-exec-8] com.jsh.erp.datasource.mappers.FunctionMapper.selectByExample - ==>  Preparing: SELECT id, number, name, parent_number, url, component, state, sort, enabled, type, push_btn, icon, delete_flag FROM jsh_function WHERE (enabled = ? AND parent_number = ? AND delete_flag <> ?) ORDER BY Sort 
2025/12/04-09:47:09 DEBUG [http-nio-9999-exec-8] com.jsh.erp.datasource.mappers.FunctionMapper.selectByExample - ==> Parameters: true(Boolean), 070405(String), 1(String)
2025/12/04-09:47:09 DEBUG [http-nio-9999-exec-8] com.jsh.erp.datasource.mappers.FunctionMapper.selectByExample - <==      Total: 0
2025/12/04-09:47:09 DEBUG [http-nio-9999-exec-8] com.jsh.erp.datasource.mappers.FunctionMapper.selectByExample - ==>  Preparing: SELECT id, number, name, parent_number, url, component, state, sort, enabled, type, push_btn, icon, delete_flag FROM jsh_function WHERE (enabled = ? AND parent_number = ? AND delete_flag <> ?) ORDER BY Sort 
2025/12/04-09:47:09 DEBUG [http-nio-9999-exec-8] com.jsh.erp.datasource.mappers.FunctionMapper.selectByExample - ==> Parameters: true(Boolean), 070406(String), 1(String)
2025/12/04-09:47:10 DEBUG [http-nio-9999-exec-8] com.jsh.erp.datasource.mappers.FunctionMapper.selectByExample - <==      Total: 0
2025/12/04-09:47:10 DEBUG [http-nio-9999-exec-8] com.jsh.erp.datasource.mappers.FunctionMapper.selectByExample - ==>  Preparing: SELECT id, number, name, parent_number, url, component, state, sort, enabled, type, push_btn, icon, delete_flag FROM jsh_function WHERE (enabled = ? AND parent_number = ? AND delete_flag <> ?) ORDER BY Sort 
2025/12/04-09:47:10 DEBUG [http-nio-9999-exec-8] com.jsh.erp.datasource.mappers.FunctionMapper.selectByExample - ==> Parameters: true(Boolean), 070407(String), 1(String)
2025/12/04-09:47:11 DEBUG [http-nio-9999-exec-8] com.jsh.erp.datasource.mappers.FunctionMapper.selectByExample - <==      Total: 0
2025/12/04-09:47:11 DEBUG [http-nio-9999-exec-8] com.jsh.erp.datasource.mappers.FunctionMapper.selectByExample - ==>  Preparing: SELECT id, number, name, parent_number, url, component, state, sort, enabled, type, push_btn, icon, delete_flag FROM jsh_function WHERE (enabled = ? AND parent_number = ? AND delete_flag <> ?) ORDER BY Sort 
2025/12/04-09:47:11 DEBUG [http-nio-9999-exec-8] com.jsh.erp.datasource.mappers.FunctionMapper.selectByExample - ==> Parameters: true(Boolean), 0301(String), 1(String)
2025/12/04-09:47:12 DEBUG [http-nio-9999-exec-8] com.jsh.erp.datasource.mappers.FunctionMapper.selectByExample - <==      Total: 14
2025/12/04-09:47:12 DEBUG [http-nio-9999-exec-8] com.jsh.erp.datasource.mappers.FunctionMapper.selectByExample - ==>  Preparing: SELECT id, number, name, parent_number, url, component, state, sort, enabled, type, push_btn, icon, delete_flag FROM jsh_function WHERE (enabled = ? AND parent_number = ? AND delete_flag <> ?) ORDER BY Sort 
2025/12/04-09:47:12 DEBUG [http-nio-9999-exec-8] com.jsh.erp.datasource.mappers.FunctionMapper.selectByExample - ==> Parameters: true(Boolean), 030113(String), 1(String)
2025/12/04-09:47:12 DEBUG [http-nio-9999-exec-8] com.jsh.erp.datasource.mappers.FunctionMapper.selectByExample - <==      Total: 0
2025/12/04-09:47:12 DEBUG [http-nio-9999-exec-8] com.jsh.erp.datasource.mappers.FunctionMapper.selectByExample - ==>  Preparing: SELECT id, number, name, parent_number, url, component, state, sort, enabled, type, push_btn, icon, delete_flag FROM jsh_function WHERE (enabled = ? AND parent_number = ? AND delete_flag <> ?) ORDER BY Sort 
2025/12/04-09:47:13 DEBUG [http-nio-9999-exec-8] com.jsh.erp.datasource.mappers.FunctionMapper.selectByExample - ==> Parameters: true(Boolean), 030102(String), 1(String)
2025/12/04-09:47:13 DEBUG [http-nio-9999-exec-8] com.jsh.erp.datasource.mappers.FunctionMapper.selectByExample - <==      Total: 0
2025/12/04-09:47:13 DEBUG [http-nio-9999-exec-8] com.jsh.erp.datasource.mappers.FunctionMapper.selectByExample - ==>  Preparing: SELECT id, number, name, parent_number, url, component, state, sort, enabled, type, push_btn, icon, delete_flag FROM jsh_function WHERE (enabled = ? AND parent_number = ? AND delete_flag <> ?) ORDER BY Sort 
2025/12/04-09:47:13 DEBUG [http-nio-9999-exec-8] com.jsh.erp.datasource.mappers.FunctionMapper.selectByExample - ==> Parameters: true(Boolean), 030105(String), 1(String)
2025/12/04-09:47:14 DEBUG [http-nio-9999-exec-8] com.jsh.erp.datasource.mappers.FunctionMapper.selectByExample - <==      Total: 0
2025/12/04-09:47:14 DEBUG [http-nio-9999-exec-8] com.jsh.erp.datasource.mappers.FunctionMapper.selectByExample - ==>  Preparing: SELECT id, number, name, parent_number, url, component, state, sort, enabled, type, push_btn, icon, delete_flag FROM jsh_function WHERE (enabled = ? AND parent_number = ? AND delete_flag <> ?) ORDER BY Sort 
2025/12/04-09:47:14 DEBUG [http-nio-9999-exec-8] com.jsh.erp.datasource.mappers.FunctionMapper.selectByExample - ==> Parameters: true(Boolean), 030103(String), 1(String)
2025/12/04-09:47:15 DEBUG [http-nio-9999-exec-8] com.jsh.erp.datasource.mappers.FunctionMapper.selectByExample - <==      Total: 0
2025/12/04-09:47:15 DEBUG [http-nio-9999-exec-8] com.jsh.erp.datasource.mappers.FunctionMapper.selectByExample - ==>  Preparing: SELECT id, number, name, parent_number, url, component, state, sort, enabled, type, push_btn, icon, delete_flag FROM jsh_function WHERE (enabled = ? AND parent_number = ? AND delete_flag <> ?) ORDER BY Sort 
2025/12/04-09:47:15 DEBUG [http-nio-9999-exec-8] com.jsh.erp.datasource.mappers.FunctionMapper.selectByExample - ==> Parameters: true(Boolean), 030104(String), 1(String)
2025/12/04-09:47:16 DEBUG [http-nio-9999-exec-8] com.jsh.erp.datasource.mappers.FunctionMapper.selectByExample - <==      Total: 0
2025/12/04-09:47:16 DEBUG [http-nio-9999-exec-8] com.jsh.erp.datasource.mappers.FunctionMapper.selectByExample - ==>  Preparing: SELECT id, number, name, parent_number, url, component, state, sort, enabled, type, push_btn, icon, delete_flag FROM jsh_function WHERE (enabled = ? AND parent_number = ? AND delete_flag <> ?) ORDER BY Sort 
2025/12/04-09:47:16 DEBUG [http-nio-9999-exec-8] com.jsh.erp.datasource.mappers.FunctionMapper.selectByExample - ==> Parameters: true(Boolean), 030106(String), 1(String)
2025/12/04-09:47:16 DEBUG [http-nio-9999-exec-8] com.jsh.erp.datasource.mappers.FunctionMapper.selectByExample - <==      Total: 0
2025/12/04-09:47:16 DEBUG [http-nio-9999-exec-8] com.jsh.erp.datasource.mappers.FunctionMapper.selectByExample - ==>  Preparing: SELECT id, number, name, parent_number, url, component, state, sort, enabled, type, push_btn, icon, delete_flag FROM jsh_function WHERE (enabled = ? AND parent_number = ? AND delete_flag <> ?) ORDER BY Sort 
2025/12/04-09:47:17 DEBUG [http-nio-9999-exec-8] com.jsh.erp.datasource.mappers.FunctionMapper.selectByExample - ==> Parameters: true(Boolean), 030107(String), 1(String)
2025/12/04-09:47:17 DEBUG [http-nio-9999-exec-8] com.jsh.erp.datasource.mappers.FunctionMapper.selectByExample - <==      Total: 0
2025/12/04-09:47:17 DEBUG [http-nio-9999-exec-8] com.jsh.erp.datasource.mappers.FunctionMapper.selectByExample - ==>  Preparing: SELECT id, number, name, parent_number, url, component, state, sort, enabled, type, push_btn, icon, delete_flag FROM jsh_function WHERE (enabled = ? AND parent_number = ? AND delete_flag <> ?) ORDER BY Sort 
2025/12/04-09:47:18 DEBUG [http-nio-9999-exec-8] com.jsh.erp.datasource.mappers.FunctionMapper.selectByExample - ==> Parameters: true(Boolean), 030150(String), 1(String)
2025/12/04-09:47:18 DEBUG [http-nio-9999-exec-8] com.jsh.erp.datasource.mappers.FunctionMapper.selectByExample - <==      Total: 0
2025/12/04-09:47:18 DEBUG [http-nio-9999-exec-8] com.jsh.erp.datasource.mappers.FunctionMapper.selectByExample - ==>  Preparing: SELECT id, number, name, parent_number, url, component, state, sort, enabled, type, push_btn, icon, delete_flag FROM jsh_function WHERE (enabled = ? AND parent_number = ? AND delete_flag <> ?) ORDER BY Sort 
2025/12/04-09:47:18 DEBUG [http-nio-9999-exec-8] com.jsh.erp.datasource.mappers.FunctionMapper.selectByExample - ==> Parameters: true(Boolean), 030108(String), 1(String)
2025/12/04-09:47:19 DEBUG [http-nio-9999-exec-8] com.jsh.erp.datasource.mappers.FunctionMapper.selectByExample - <==      Total: 0
2025/12/04-09:47:19 DEBUG [http-nio-9999-exec-8] com.jsh.erp.datasource.mappers.FunctionMapper.selectByExample - ==>  Preparing: SELECT id, number, name, parent_number, url, component, state, sort, enabled, type, push_btn, icon, delete_flag FROM jsh_function WHERE (enabled = ? AND parent_number = ? AND delete_flag <> ?) ORDER BY Sort 
2025/12/04-09:47:19 DEBUG [http-nio-9999-exec-8] com.jsh.erp.datasource.mappers.FunctionMapper.selectByExample - ==> Parameters: true(Boolean), 030109(String), 1(String)
2025/12/04-09:47:20 DEBUG [http-nio-9999-exec-8] com.jsh.erp.datasource.mappers.FunctionMapper.selectByExample - <==      Total: 0
2025/12/04-09:47:20 DEBUG [http-nio-9999-exec-8] com.jsh.erp.datasource.mappers.FunctionMapper.selectByExample - ==>  Preparing: SELECT id, number, name, parent_number, url, component, state, sort, enabled, type, push_btn, icon, delete_flag FROM jsh_function WHERE (enabled = ? AND parent_number = ? AND delete_flag <> ?) ORDER BY Sort 
2025/12/04-09:47:20 DEBUG [http-nio-9999-exec-8] com.jsh.erp.datasource.mappers.FunctionMapper.selectByExample - ==> Parameters: true(Boolean), 030101(String), 1(String)
2025/12/04-09:47:20 DEBUG [http-nio-9999-exec-8] com.jsh.erp.datasource.mappers.FunctionMapper.selectByExample - <==      Total: 0
2025/12/04-09:47:20 DEBUG [http-nio-9999-exec-8] com.jsh.erp.datasource.mappers.FunctionMapper.selectByExample - ==>  Preparing: SELECT id, number, name, parent_number, url, component, state, sort, enabled, type, push_btn, icon, delete_flag FROM jsh_function WHERE (enabled = ? AND parent_number = ? AND delete_flag <> ?) ORDER BY Sort 
2025/12/04-09:47:21 DEBUG [http-nio-9999-exec-8] com.jsh.erp.datasource.mappers.FunctionMapper.selectByExample - ==> Parameters: true(Boolean), 030110(String), 1(String)
2025/12/04-09:47:21 DEBUG [http-nio-9999-exec-8] com.jsh.erp.datasource.mappers.FunctionMapper.selectByExample - <==      Total: 0
2025/12/04-09:47:21 DEBUG [http-nio-9999-exec-8] com.jsh.erp.datasource.mappers.FunctionMapper.selectByExample - ==>  Preparing: SELECT id, number, name, parent_number, url, component, state, sort, enabled, type, push_btn, icon, delete_flag FROM jsh_function WHERE (enabled = ? AND parent_number = ? AND delete_flag <> ?) ORDER BY Sort 
2025/12/04-09:47:22 DEBUG [http-nio-9999-exec-8] com.jsh.erp.datasource.mappers.FunctionMapper.selectByExample - ==> Parameters: true(Boolean), 030111(String), 1(String)
2025/12/04-09:47:22 DEBUG [http-nio-9999-exec-8] com.jsh.erp.datasource.mappers.FunctionMapper.selectByExample - <==      Total: 0
2025/12/04-09:47:22 DEBUG [http-nio-9999-exec-8] com.jsh.erp.datasource.mappers.FunctionMapper.selectByExample - ==>  Preparing: SELECT id, number, name, parent_number, url, component, state, sort, enabled, type, push_btn, icon, delete_flag FROM jsh_function WHERE (enabled = ? AND parent_number = ? AND delete_flag <> ?) ORDER BY Sort 
2025/12/04-09:47:22 DEBUG [http-nio-9999-exec-8] com.jsh.erp.datasource.mappers.FunctionMapper.selectByExample - ==> Parameters: true(Boolean), 030112(String), 1(String)
2025/12/04-09:47:23 DEBUG [http-nio-9999-exec-8] com.jsh.erp.datasource.mappers.FunctionMapper.selectByExample - <==      Total: 0
2025/12/04-09:47:23 DEBUG [http-nio-9999-exec-8] com.jsh.erp.datasource.mappers.FunctionMapper.selectByExample - ==>  Preparing: SELECT id, number, name, parent_number, url, component, state, sort, enabled, type, push_btn, icon, delete_flag FROM jsh_function WHERE (enabled = ? AND parent_number = ? AND delete_flag <> ?) ORDER BY Sort 
2025/12/04-09:47:23 DEBUG [http-nio-9999-exec-8] com.jsh.erp.datasource.mappers.FunctionMapper.selectByExample - ==> Parameters: true(Boolean), 0101(String), 1(String)
2025/12/04-09:47:24 DEBUG [http-nio-9999-exec-8] com.jsh.erp.datasource.mappers.FunctionMapper.selectByExample - <==      Total: 4
2025/12/04-09:47:24 DEBUG [http-nio-9999-exec-8] com.jsh.erp.datasource.mappers.FunctionMapper.selectByExample - ==>  Preparing: SELECT id, number, name, parent_number, url, component, state, sort, enabled, type, push_btn, icon, delete_flag FROM jsh_function WHERE (enabled = ? AND parent_number = ? AND delete_flag <> ?) ORDER BY Sort 
2025/12/04-09:47:24 DEBUG [http-nio-9999-exec-8] com.jsh.erp.datasource.mappers.FunctionMapper.selectByExample - ==> Parameters: true(Boolean), 010101(String), 1(String)
2025/12/04-09:47:25 DEBUG [http-nio-9999-exec-8] com.jsh.erp.datasource.mappers.FunctionMapper.selectByExample - <==      Total: 0
2025/12/04-09:47:25 DEBUG [http-nio-9999-exec-8] com.jsh.erp.datasource.mappers.FunctionMapper.selectByExample - ==>  Preparing: SELECT id, number, name, parent_number, url, component, state, sort, enabled, type, push_btn, icon, delete_flag FROM jsh_function WHERE (enabled = ? AND parent_number = ? AND delete_flag <> ?) ORDER BY Sort 
2025/12/04-09:47:25 DEBUG [http-nio-9999-exec-8] com.jsh.erp.datasource.mappers.FunctionMapper.selectByExample - ==> Parameters: true(Boolean), 010102(String), 1(String)
2025/12/04-09:47:25 DEBUG [http-nio-9999-exec-8] com.jsh.erp.datasource.mappers.FunctionMapper.selectByExample - <==      Total: 0
2025/12/04-09:47:25 DEBUG [http-nio-9999-exec-8] com.jsh.erp.datasource.mappers.FunctionMapper.selectByExample - ==>  Preparing: SELECT id, number, name, parent_number, url, component, state, sort, enabled, type, push_btn, icon, delete_flag FROM jsh_function WHERE (enabled = ? AND parent_number = ? AND delete_flag <> ?) ORDER BY Sort 
2025/12/04-09:47:26 DEBUG [http-nio-9999-exec-8] com.jsh.erp.datasource.mappers.FunctionMapper.selectByExample - ==> Parameters: true(Boolean), 010103(String), 1(String)
2025/12/04-09:47:26 DEBUG [http-nio-9999-exec-8] com.jsh.erp.datasource.mappers.FunctionMapper.selectByExample - <==      Total: 0
2025/12/04-09:47:26 DEBUG [http-nio-9999-exec-8] com.jsh.erp.datasource.mappers.FunctionMapper.selectByExample - ==>  Preparing: SELECT id, number, name, parent_number, url, component, state, sort, enabled, type, push_btn, icon, delete_flag FROM jsh_function WHERE (enabled = ? AND parent_number = ? AND delete_flag <> ?) ORDER BY Sort 
2025/12/04-09:47:26 DEBUG [http-nio-9999-exec-8] com.jsh.erp.datasource.mappers.FunctionMapper.selectByExample - ==> Parameters: true(Boolean), 010105(String), 1(String)
2025/12/04-09:47:27 DEBUG [http-nio-9999-exec-8] com.jsh.erp.datasource.mappers.FunctionMapper.selectByExample - <==      Total: 0
2025/12/04-09:47:27 DEBUG [http-nio-9999-exec-8] com.jsh.erp.datasource.mappers.FunctionMapper.selectByExample - ==>  Preparing: SELECT id, number, name, parent_number, url, component, state, sort, enabled, type, push_btn, icon, delete_flag FROM jsh_function WHERE (enabled = ? AND parent_number = ? AND delete_flag <> ?) ORDER BY Sort 
2025/12/04-09:47:27 DEBUG [http-nio-9999-exec-8] com.jsh.erp.datasource.mappers.FunctionMapper.selectByExample - ==> Parameters: true(Boolean), 0102(String), 1(String)
2025/12/04-09:47:28 DEBUG [http-nio-9999-exec-8] com.jsh.erp.datasource.mappers.FunctionMapper.selectByExample - <==      Total: 7
2025/12/04-09:47:28 DEBUG [http-nio-9999-exec-8] com.jsh.erp.datasource.mappers.FunctionMapper.selectByExample - ==>  Preparing: SELECT id, number, name, parent_number, url, component, state, sort, enabled, type, push_btn, icon, delete_flag FROM jsh_function WHERE (enabled = ? AND parent_number = ? AND delete_flag <> ?) ORDER BY Sort 
2025/12/04-09:47:28 DEBUG [http-nio-9999-exec-8] com.jsh.erp.datasource.mappers.FunctionMapper.selectByExample - ==> Parameters: true(Boolean), 01020101(String), 1(String)
2025/12/04-09:47:29 DEBUG [http-nio-9999-exec-8] com.jsh.erp.datasource.mappers.FunctionMapper.selectByExample - <==      Total: 0
2025/12/04-09:47:29 DEBUG [http-nio-9999-exec-8] com.jsh.erp.datasource.mappers.FunctionMapper.selectByExample - ==>  Preparing: SELECT id, number, name, parent_number, url, component, state, sort, enabled, type, push_btn, icon, delete_flag FROM jsh_function WHERE (enabled = ? AND parent_number = ? AND delete_flag <> ?) ORDER BY Sort 
2025/12/04-09:47:29 DEBUG [http-nio-9999-exec-8] com.jsh.erp.datasource.mappers.FunctionMapper.selectByExample - ==> Parameters: true(Boolean), 01020102(String), 1(String)
2025/12/04-09:47:29 DEBUG [http-nio-9999-exec-8] com.jsh.erp.datasource.mappers.FunctionMapper.selectByExample - <==      Total: 0
2025/12/04-09:47:29 DEBUG [http-nio-9999-exec-8] com.jsh.erp.datasource.mappers.FunctionMapper.selectByExample - ==>  Preparing: SELECT id, number, name, parent_number, url, component, state, sort, enabled, type, push_btn, icon, delete_flag FROM jsh_function WHERE (enabled = ? AND parent_number = ? AND delete_flag <> ?) ORDER BY Sort 
2025/12/04-09:47:30 DEBUG [http-nio-9999-exec-8] com.jsh.erp.datasource.mappers.FunctionMapper.selectByExample - ==> Parameters: true(Boolean), 01020103(String), 1(String)
2025/12/04-09:47:30 DEBUG [http-nio-9999-exec-8] com.jsh.erp.datasource.mappers.FunctionMapper.selectByExample - <==      Total: 0
2025/12/04-09:47:30 DEBUG [http-nio-9999-exec-8] com.jsh.erp.datasource.mappers.FunctionMapper.selectByExample - ==>  Preparing: SELECT id, number, name, parent_number, url, component, state, sort, enabled, type, push_btn, icon, delete_flag FROM jsh_function WHERE (enabled = ? AND parent_number = ? AND delete_flag <> ?) ORDER BY Sort 
2025/12/04-09:47:30 DEBUG [http-nio-9999-exec-8] com.jsh.erp.datasource.mappers.FunctionMapper.selectByExample - ==> Parameters: true(Boolean), 010202(String), 1(String)
2025/12/04-09:47:31 DEBUG [http-nio-9999-exec-8] com.jsh.erp.datasource.mappers.FunctionMapper.selectByExample - <==      Total: 0
2025/12/04-09:47:31 DEBUG [http-nio-9999-exec-8] com.jsh.erp.datasource.mappers.FunctionMapper.selectByExample - ==>  Preparing: SELECT id, number, name, parent_number, url, component, state, sort, enabled, type, push_btn, icon, delete_flag FROM jsh_function WHERE (enabled = ? AND parent_number = ? AND delete_flag <> ?) ORDER BY Sort 
2025/12/04-09:47:31 DEBUG [http-nio-9999-exec-8] com.jsh.erp.datasource.mappers.FunctionMapper.selectByExample - ==> Parameters: true(Boolean), 010204(String), 1(String)
2025/12/04-09:47:32 DEBUG [http-nio-9999-exec-8] com.jsh.erp.datasource.mappers.FunctionMapper.selectByExample - <==      Total: 0
2025/12/04-09:47:32 DEBUG [http-nio-9999-exec-8] com.jsh.erp.datasource.mappers.FunctionMapper.selectByExample - ==>  Preparing: SELECT id, number, name, parent_number, url, component, state, sort, enabled, type, push_btn, icon, delete_flag FROM jsh_function WHERE (enabled = ? AND parent_number = ? AND delete_flag <> ?) ORDER BY Sort 
2025/12/04-09:47:32 DEBUG [http-nio-9999-exec-8] com.jsh.erp.datasource.mappers.FunctionMapper.selectByExample - ==> Parameters: true(Boolean), 010205(String), 1(String)
2025/12/04-09:47:33 DEBUG [http-nio-9999-exec-8] com.jsh.erp.datasource.mappers.FunctionMapper.selectByExample - <==      Total: 0
2025/12/04-09:47:33 DEBUG [http-nio-9999-exec-8] com.jsh.erp.datasource.mappers.FunctionMapper.selectByExample - ==>  Preparing: SELECT id, number, name, parent_number, url, component, state, sort, enabled, type, push_btn, icon, delete_flag FROM jsh_function WHERE (enabled = ? AND parent_number = ? AND delete_flag <> ?) ORDER BY Sort 
2025/12/04-09:47:33 DEBUG [http-nio-9999-exec-8] com.jsh.erp.datasource.mappers.FunctionMapper.selectByExample - ==> Parameters: true(Boolean), 010206(String), 1(String)
2025/12/04-09:47:33 DEBUG [http-nio-9999-exec-8] com.jsh.erp.datasource.mappers.FunctionMapper.selectByExample - <==      Total: 0
2025/12/04-09:47:33 DEBUG [http-nio-9999-exec-8] com.jsh.erp.datasource.mappers.FunctionMapper.selectByExample - ==>  Preparing: SELECT id, number, name, parent_number, url, component, state, sort, enabled, type, push_btn, icon, delete_flag FROM jsh_function WHERE (enabled = ? AND parent_number = ? AND delete_flag <> ?) ORDER BY Sort 
2025/12/04-09:47:34 DEBUG [http-nio-9999-exec-8] com.jsh.erp.datasource.mappers.FunctionMapper.selectByExample - ==> Parameters: true(Boolean), 0001(String), 1(String)
2025/12/04-09:47:34 DEBUG [http-nio-9999-exec-8] com.jsh.erp.datasource.mappers.FunctionMapper.selectByExample - <==      Total: 10
2025/12/04-09:47:34 DEBUG [http-nio-9999-exec-8] com.jsh.erp.datasource.mappers.FunctionMapper.selectByExample - ==>  Preparing: SELECT id, number, name, parent_number, url, component, state, sort, enabled, type, push_btn, icon, delete_flag FROM jsh_function WHERE (enabled = ? AND parent_number = ? AND delete_flag <> ?) ORDER BY Sort 
2025/12/04-09:47:35 DEBUG [http-nio-9999-exec-8] com.jsh.erp.datasource.mappers.FunctionMapper.selectByExample - ==> Parameters: true(Boolean), 000102(String), 1(String)
2025/12/04-09:47:35 DEBUG [http-nio-9999-exec-8] com.jsh.erp.datasource.mappers.FunctionMapper.selectByExample - <==      Total: 0
2025/12/04-09:47:35 DEBUG [http-nio-9999-exec-8] com.jsh.erp.datasource.mappers.FunctionMapper.selectByExample - ==>  Preparing: SELECT id, number, name, parent_number, url, component, state, sort, enabled, type, push_btn, icon, delete_flag FROM jsh_function WHERE (enabled = ? AND parent_number = ? AND delete_flag <> ?) ORDER BY Sort 
2025/12/04-09:47:35 DEBUG [http-nio-9999-exec-8] com.jsh.erp.datasource.mappers.FunctionMapper.selectByExample - ==> Parameters: true(Boolean), 000103(String), 1(String)
2025/12/04-09:47:36 DEBUG [http-nio-9999-exec-8] com.jsh.erp.datasource.mappers.FunctionMapper.selectByExample - <==      Total: 0
2025/12/04-09:47:36 DEBUG [http-nio-9999-exec-8] com.jsh.erp.datasource.mappers.FunctionMapper.selectByExample - ==>  Preparing: SELECT id, number, name, parent_number, url, component, state, sort, enabled, type, push_btn, icon, delete_flag FROM jsh_function WHERE (enabled = ? AND parent_number = ? AND delete_flag <> ?) ORDER BY Sort 
2025/12/04-09:47:36 DEBUG [http-nio-9999-exec-8] com.jsh.erp.datasource.mappers.FunctionMapper.selectByExample - ==> Parameters: true(Boolean), 000108(String), 1(String)
2025/12/04-09:47:37 DEBUG [http-nio-9999-exec-8] com.jsh.erp.datasource.mappers.FunctionMapper.selectByExample - <==      Total: 0
2025/12/04-09:47:37 DEBUG [http-nio-9999-exec-8] com.jsh.erp.datasource.mappers.FunctionMapper.selectByExample - ==>  Preparing: SELECT id, number, name, parent_number, url, component, state, sort, enabled, type, push_btn, icon, delete_flag FROM jsh_function WHERE (enabled = ? AND parent_number = ? AND delete_flag <> ?) ORDER BY Sort 
2025/12/04-09:47:37 DEBUG [http-nio-9999-exec-8] com.jsh.erp.datasource.mappers.FunctionMapper.selectByExample - ==> Parameters: true(Boolean), 000104(String), 1(String)
2025/12/04-09:47:37 DEBUG [http-nio-9999-exec-8] com.jsh.erp.datasource.mappers.FunctionMapper.selectByExample - <==      Total: 0
2025/12/04-09:47:37 DEBUG [http-nio-9999-exec-8] com.jsh.erp.datasource.mappers.FunctionMapper.selectByExample - ==>  Preparing: SELECT id, number, name, parent_number, url, component, state, sort, enabled, type, push_btn, icon, delete_flag FROM jsh_function WHERE (enabled = ? AND parent_number = ? AND delete_flag <> ?) ORDER BY Sort 
2025/12/04-09:47:38 DEBUG [http-nio-9999-exec-8] com.jsh.erp.datasource.mappers.FunctionMapper.selectByExample - ==> Parameters: true(Boolean), 000106(String), 1(String)
2025/12/04-09:47:38 DEBUG [http-nio-9999-exec-8] com.jsh.erp.datasource.mappers.FunctionMapper.selectByExample - <==      Total: 0
2025/12/04-09:47:38 DEBUG [http-nio-9999-exec-8] com.jsh.erp.datasource.mappers.FunctionMapper.selectByExample - ==>  Preparing: SELECT id, number, name, parent_number, url, component, state, sort, enabled, type, push_btn, icon, delete_flag FROM jsh_function WHERE (enabled = ? AND parent_number = ? AND delete_flag <> ?) ORDER BY Sort 
2025/12/04-09:47:39 DEBUG [http-nio-9999-exec-8] com.jsh.erp.datasource.mappers.FunctionMapper.selectByExample - ==> Parameters: true(Boolean), 000105(String), 1(String)
2025/12/04-09:47:39 DEBUG [http-nio-9999-exec-8] com.jsh.erp.datasource.mappers.FunctionMapper.selectByExample - <==      Total: 0
2025/12/04-09:47:39 DEBUG [http-nio-9999-exec-8] com.jsh.erp.datasource.mappers.FunctionMapper.selectByExample - ==>  Preparing: SELECT id, number, name, parent_number, url, component, state, sort, enabled, type, push_btn, icon, delete_flag FROM jsh_function WHERE (enabled = ? AND parent_number = ? AND delete_flag <> ?) ORDER BY Sort 
2025/12/04-09:47:39 DEBUG [http-nio-9999-exec-8] com.jsh.erp.datasource.mappers.FunctionMapper.selectByExample - ==> Parameters: true(Boolean), 000105(String), 1(String)
2025/12/04-09:47:40 DEBUG [http-nio-9999-exec-8] com.jsh.erp.datasource.mappers.FunctionMapper.selectByExample - <==      Total: 0
2025/12/04-09:47:40 DEBUG [http-nio-9999-exec-8] com.jsh.erp.datasource.mappers.FunctionMapper.selectByExample - ==>  Preparing: SELECT id, number, name, parent_number, url, component, state, sort, enabled, type, push_btn, icon, delete_flag FROM jsh_function WHERE (enabled = ? AND parent_number = ? AND delete_flag <> ?) ORDER BY Sort 
2025/12/04-09:47:40 DEBUG [http-nio-9999-exec-8] com.jsh.erp.datasource.mappers.FunctionMapper.selectByExample - ==> Parameters: true(Boolean), 000109(String), 1(String)
2025/12/04-09:47:41 DEBUG [http-nio-9999-exec-8] com.jsh.erp.datasource.mappers.FunctionMapper.selectByExample - <==      Total: 0
2025/12/04-09:47:41 DEBUG [http-nio-9999-exec-8] com.jsh.erp.datasource.mappers.FunctionMapper.selectByExample - ==>  Preparing: SELECT id, number, name, parent_number, url, component, state, sort, enabled, type, push_btn, icon, delete_flag FROM jsh_function WHERE (enabled = ? AND parent_number = ? AND delete_flag <> ?) ORDER BY Sort 
2025/12/04-09:47:41 DEBUG [http-nio-9999-exec-8] com.jsh.erp.datasource.mappers.FunctionMapper.selectByExample - ==> Parameters: true(Boolean), 000107(String), 1(String)
2025/12/04-09:47:42 DEBUG [http-nio-9999-exec-8] com.jsh.erp.datasource.mappers.FunctionMapper.selectByExample - <==      Total: 0
2025/12/04-09:47:42 DEBUG [http-nio-9999-exec-8] com.jsh.erp.datasource.mappers.FunctionMapper.selectByExample - ==>  Preparing: SELECT id, number, name, parent_number, url, component, state, sort, enabled, type, push_btn, icon, delete_flag FROM jsh_function WHERE (enabled = ? AND parent_number = ? AND delete_flag <> ?) ORDER BY Sort 
2025/12/04-09:47:42 DEBUG [http-nio-9999-exec-8] com.jsh.erp.datasource.mappers.FunctionMapper.selectByExample - ==> Parameters: true(Boolean), 000112(String), 1(String)
2025/12/04-09:47:42 DEBUG [http-nio-9999-exec-8] com.jsh.erp.datasource.mappers.FunctionMapper.selectByExample - <==      Total: 0
2025/12/04-09:47:42 DEBUG [http-nio-9999-exec-3] com.jsh.erp.datasource.mappers.UserMapper.selectByPrimaryKey - ==>  Preparing: SELECT id, username, login_name, password, leader_flag, position, department, email, phonenum, ismanager, isystem, status, description, remark, weixin_open_id, tenant_id, delete_flag FROM jsh_user WHERE jsh_user.tenant_id = 63 AND id = ? 
2025/12/04-09:47:43 DEBUG [http-nio-9999-exec-3] com.jsh.erp.datasource.mappers.UserMapper.selectByPrimaryKey - ==> Parameters: 63(Long)
2025/12/04-09:47:43 DEBUG [http-nio-9999-exec-1] com.jsh.erp.datasource.mappers.SystemConfigMapper.selectByExample - ==>  Preparing: SELECT id, company_name, company_contacts, company_address, company_tel, company_fax, company_post_code, sale_agreement, depot_flag, customer_flag, minus_stock_flag, purchase_by_sale_flag, multi_level_approval_flag, multi_bill_type, force_approval_flag, update_unit_price_flag, over_link_bill_flag, in_out_manage_flag, multi_account_flag, move_avg_price_flag, audit_print_flag, zero_change_amount_flag, customer_static_price_flag, tenant_id, delete_flag FROM jsh_system_config WHERE jsh_system_config.tenant_id = 63 AND (delete_flag <> ?) 
2025/12/04-09:47:43 DEBUG [http-nio-9999-exec-9] com.jsh.erp.datasource.mappers.LcAgencyMapperEx.selectByCondition_COUNT - ==>  Preparing: SELECT count(0) FROM LC_Agency WHERE LC_Agency.tenant_id = 63 AND 1 = 1 
2025/12/04-09:47:43 DEBUG [http-nio-9999-exec-2] com.jsh.erp.datasource.mappers.UserMapper.selectByPrimaryKey - ==>  Preparing: SELECT id, username, login_name, password, leader_flag, position, department, email, phonenum, ismanager, isystem, status, description, remark, weixin_open_id, tenant_id, delete_flag FROM jsh_user WHERE jsh_user.tenant_id = 63 AND id = ? 
2025/12/04-09:47:43 DEBUG [http-nio-9999-exec-5] com.jsh.erp.datasource.mappers.UserMapper.selectByPrimaryKey - ==>  Preparing: SELECT id, username, login_name, password, leader_flag, position, department, email, phonenum, ismanager, isystem, status, description, remark, weixin_open_id, tenant_id, delete_flag FROM jsh_user WHERE jsh_user.tenant_id = 63 AND id = ? 
2025/12/04-09:47:43 DEBUG [http-nio-9999-exec-7] com.jsh.erp.datasource.mappers.PlatformConfigMapper.selectByExample - ==>  Preparing: SELECT id, platform_key, platform_key_info, platform_value FROM jsh_platform_config WHERE (platform_key = ?) 
2025/12/04-09:47:43 DEBUG [http-nio-9999-exec-9] com.jsh.erp.datasource.mappers.LcAgencyMapperEx.selectByCondition_COUNT - ==> Parameters: 
2025/12/04-09:47:43 DEBUG [http-nio-9999-exec-2] com.jsh.erp.datasource.mappers.UserMapper.selectByPrimaryKey - ==> Parameters: 63(Long)
2025/12/04-09:47:43 DEBUG [http-nio-9999-exec-3] com.jsh.erp.datasource.mappers.UserMapper.selectByPrimaryKey - <==      Total: 1
2025/12/04-09:47:43 DEBUG [http-nio-9999-exec-3] com.jsh.erp.datasource.mappers.UserBusinessMapperEx.getBasicDataByKeyIdAndType - ==>  Preparing: select * from jsh_user_business where key_id=? and type=? and ifnull(delete_flag,'0') !='1' 
2025/12/04-09:47:43 DEBUG [http-nio-9999-exec-5] com.jsh.erp.datasource.mappers.UserMapper.selectByPrimaryKey - ==> Parameters: 63(Long)
2025/12/04-09:47:43 DEBUG [http-nio-9999-exec-7] com.jsh.erp.datasource.mappers.PlatformConfigMapper.selectByExample - ==> Parameters: pay_fee_url(String)
2025/12/04-09:47:43 DEBUG [http-nio-9999-exec-1] com.jsh.erp.datasource.mappers.SystemConfigMapper.selectByExample - ==> Parameters: 1(String)
2025/12/04-09:47:43 DEBUG [http-nio-9999-exec-3] com.jsh.erp.datasource.mappers.UserBusinessMapperEx.getBasicDataByKeyIdAndType - ==> Parameters: 63(String), UserRole(String)
2025/12/04-09:47:44 DEBUG [http-nio-9999-exec-2] com.jsh.erp.datasource.mappers.UserMapper.selectByPrimaryKey - <==      Total: 1
2025/12/04-09:47:44 DEBUG [http-nio-9999-exec-2] com.jsh.erp.datasource.mappers.MsgMapper.selectByExample - ==>  Preparing: SELECT id, msg_title, msg_content, create_time, type, user_id, status, tenant_id, delete_Flag FROM jsh_msg WHERE jsh_msg.tenant_id = 63 AND (status = ? AND user_id = ? AND delete_Flag <> ?) ORDER BY id DESC 
2025/12/04-09:47:44 DEBUG [http-nio-9999-exec-9] com.jsh.erp.datasource.mappers.LcAgencyMapperEx.selectByCondition_COUNT - <==      Total: 1
2025/12/04-09:47:44 DEBUG [http-nio-9999-exec-5] com.jsh.erp.datasource.mappers.UserMapper.selectByPrimaryKey - <==      Total: 1
2025/12/04-09:47:44 DEBUG [http-nio-9999-exec-5] com.jsh.erp.datasource.mappers.MsgMapperEx.selectByConditionMsg_COUNT - ==>  Preparing: SELECT count(0) FROM jsh_msg WHERE jsh_msg.tenant_id = 63 AND 1 = 1 AND ifnull(delete_Flag, '0') != '1' AND user_id = ? 
2025/12/04-09:47:44 DEBUG [http-nio-9999-exec-7] com.jsh.erp.datasource.mappers.PlatformConfigMapper.selectByExample - <==      Total: 1
2025/12/04-09:47:44 DEBUG [http-nio-9999-exec-1] com.jsh.erp.datasource.mappers.SystemConfigMapper.selectByExample - <==      Total: 1
2025/12/04-09:47:44 DEBUG [http-nio-9999-exec-3] com.jsh.erp.datasource.mappers.UserBusinessMapperEx.getBasicDataByKeyIdAndType - <==      Total: 1
2025/12/04-09:47:44 DEBUG [http-nio-9999-exec-3] com.jsh.erp.datasource.mappers.UserBusinessMapperEx.getBasicDataByKeyIdAndType - ==>  Preparing: select * from jsh_user_business where key_id=? and type=? and ifnull(delete_flag,'0') !='1' 
2025/12/04-09:47:44 DEBUG [http-nio-9999-exec-2] com.jsh.erp.datasource.mappers.MsgMapper.selectByExample - ==> Parameters: 1(String), 63(Long), 1(String)
2025/12/04-09:47:44 DEBUG [http-nio-9999-exec-5] com.jsh.erp.datasource.mappers.MsgMapperEx.selectByConditionMsg_COUNT - ==> Parameters: 63(Long)
2025/12/04-09:47:44 DEBUG [http-nio-9999-exec-3] com.jsh.erp.datasource.mappers.UserBusinessMapperEx.getBasicDataByKeyIdAndType - ==> Parameters: 10(String), RoleFunctions(String)
2025/12/04-09:47:45 DEBUG [http-nio-9999-exec-2] com.jsh.erp.datasource.mappers.MsgMapper.selectByExample - <==      Total: 0
2025/12/04-09:47:45 DEBUG [http-nio-9999-exec-5] com.jsh.erp.datasource.mappers.MsgMapperEx.selectByConditionMsg_COUNT - <==      Total: 1
2025/12/04-09:47:45 DEBUG [http-nio-9999-exec-5] com.jsh.erp.datasource.mappers.MsgMapperEx.selectByConditionMsg - ==>  Preparing: SELECT * FROM jsh_msg WHERE jsh_msg.tenant_id = 63 AND 1 = 1 AND ifnull(delete_Flag, '0') != '1' AND user_id = ? ORDER BY create_time DESC LIMIT ? 
2025/12/04-09:47:45 DEBUG [http-nio-9999-exec-3] com.jsh.erp.datasource.mappers.UserBusinessMapperEx.getBasicDataByKeyIdAndType - <==      Total: 1
2025/12/04-09:47:45 DEBUG [http-nio-9999-exec-3] com.jsh.erp.datasource.mappers.FunctionMapper.selectByExample - ==>  Preparing: SELECT id, number, name, parent_number, url, component, state, sort, enabled, type, push_btn, icon, delete_flag FROM jsh_function WHERE (delete_flag <> ?) 
2025/12/04-09:47:45 DEBUG [http-nio-9999-exec-5] com.jsh.erp.datasource.mappers.MsgMapperEx.selectByConditionMsg - ==> Parameters: 63(Long), 5(Integer)
2025/12/04-09:47:45 DEBUG [http-nio-9999-exec-3] com.jsh.erp.datasource.mappers.FunctionMapper.selectByExample - ==> Parameters: 1(String)
2025/12/04-09:47:45 DEBUG [http-nio-9999-exec-5] com.jsh.erp.datasource.mappers.MsgMapperEx.selectByConditionMsg - <==      Total: 1
2025/12/04-09:47:46 DEBUG [http-nio-9999-exec-3] com.jsh.erp.datasource.mappers.FunctionMapper.selectByExample - <==      Total: 64
